/* DROP DATABASE IF EXISTS `team2`; */

CREATE DATABASE IF NOT EXISTS `team2`;
USE `team2`;

SET SQL_MODE = "NO_AUTO_VALUE_ON_ZERO";
START TRANSACTION;
SET time_zone = "+00:00";


/*!40101 SET @OLD_CHARACTER_SET_CLIENT=@@CHARACTER_SET_CLIENT */;
/*!40101 SET @OLD_CHARACTER_SET_RESULTS=@@CHARACTER_SET_RESULTS */;
/*!40101 SET @OLD_COLLATION_CONNECTION=@@COLLATION_CONNECTION */;
/*!40101 SET NAMES utf8mb4 */;

--
-- Table structure for table `approved_headcount`
--

CREATE TABLE `approved_headcount` (
  `FY23 Approved Headcount` int(3) DEFAULT NULL
) ENGINE=InnoDB DEFAULT CHARSET=utf8mb3 COLLATE=utf8mb3_general_ci;

INSERT INTO `approved_headcount` (`FY23 Approved Headcount`) VALUES
(270);

--
-- Table structure for table `Departments`
--

CREATE TABLE `Departments` (
  `DepartmentID` int(11) NOT NULL,
  `DepartmentName` varchar(100) DEFAULT NULL,
  `ManagerID` int(11) DEFAULT NULL
) ENGINE=InnoDB DEFAULT CHARSET=utf8mb4 COLLATE=utf8mb4_general_ci;

INSERT INTO `Departments` (`DepartmentID`, `DepartmentName`, `ManagerID`) VALUES
(1, 'Technical Director', 312892),
(2, 'Sr. Vice President Admin', 312892),
(3, 'Project/Process Advisor', 4489576),
(4, 'Sr. Project/Process Analyst', 4489576),
(5, 'Manager IT', 312892),
(6, 'Full Stack Developer Advisor', 641148),
(7, 'Technical Principal', 641148),
(8, 'Full Stack Developer II', 641148),
(9, 'Scrum Master III', 641199),
(10, 'Director IT', 312892),
(11, 'Director Administrative Assist', 641199),
(12, 'Project Management Analyst', 641311),
(13, 'Full Stack Developer III', 641311),
(14, 'Full Stack Developer II', 641311),
(15, 'Full Stack Developer Advisor', 641311),
(16, 'Technical Principal', 641311),
(17, 'Associate Programmer Analyst', 641311),
(18, 'Program Management Advisor', 641311),
(19, 'Manager IT', 641199),
(20, 'Technical Fellow', 3252557),
(21, 'Vice President IT', 312892),
(22, 'Director IT', 3252557),
(23, 'Sr. Technical Quality Speciali', 298908),
(24, 'Business Applications Analyst', 298908),
(25, 'Full Stack Developer Advisor', 298908),
(26, 'Full Stack Developer III', 298908),
(27, 'Business Applications Advisor', 298908),
(28, 'Manager IT', 298971),
(29, 'Scrum Master III', 298908),
(30, 'Technical Principal', 298971),
(31, 'Software Developer III', 641627),
(32, 'Software Developer I', 641627),
(33, 'Software Developer Advisor', 641627),
(34, 'Business Applications Advisor', 641627),
(35, 'Technical Quality Advisor', 641627),
(36, 'Scrum Master III', 641627),
(37, 'Sr. Technical Quality Speciali', 641627),
(38, 'Software Developer II', 641627),
(39, 'Systems Administrator Advisor', 641144),
(40, 'Project Management Advisor', 641144),
(41, 'Systems Administrator', 641144),
(42, 'Sr. Systems Administrator', 641144),
(43, 'Full Stack Developer II', 641814),
(44, 'Scrum Master Advisor', 641814),
(45, 'Software Developer III', 641814),
(46, 'Full Stack Developer Advisor', 641814),
(47, 'Full Stack Developer III', 641814),
(48, 'Project/Process Analyst', 641814),
(49, 'Sr. Technical Quality Speciali', 641814),
(50, 'Full Stack Developer III', 281327),
(51, 'Scrum Master III', 281327),
(52, 'Software Developer I', 281327),
(53, 'Software Developer III', 281327),
(54, 'Full Stack Developer Advisor', 281327),
(55, 'Business Applications Advisor', 281327),
(56, 'Technical Quality Advisor', 281327),
(57, 'Sr. Business Application Analy', 641530),
(58, 'Sr. Technical Analyst', 364670),
(59, 'Full Stack Developer II', 364670),
(60, 'Full Stack Developer Advisor', 364670),
(61, 'Full Stack Developer III', 364670),
(62, 'Project/Process Advisor', 364670),
(63, 'Manager IT', 641530),
(64, 'Sr. Business Applications Anal', 364670),
(65, 'Full Stack Developer II', 641687),
(66, 'Full Stack Developer Advisor', 641687),
(67, 'Technical Advisor', 641687),
(68, 'Full Stack Developer III', 641687),
(69, 'Business Applications Advisor', 641687),
(70, 'Scrum Master II', 641687),
(71, 'Scrum Master III', 426315),
(72, 'Full Stack Developer III', 426315),
(73, 'Software Developer III', 426315),
(74, 'Sr. Technical Quality Speciali', 426315),
(75, 'Technical Quality Specialist', 426315),
(76, 'Full Stack Developer II', 641767),
(77, 'Full Stack Developer Advisor', 641767),
(78, 'Software Developer III', 641767),
(79, 'Full Stack Developer Advisor', 645235),
(80, 'Full Stack Developer III', 645235),
(81, 'Release Train Engineer', 645235),
(82, 'Business Applications Advisor', 645235),
(83, 'Full Stack Developer I', 641767),
(84, 'Project/Process Advisor', 338590),
(85, 'Full Stack Developer II', 338590),
(86, 'Full Stack Developer III', 338590),
(87, 'Technical Quality Specialist', 338590),
(88, 'Software Developer III', 338590),
(89, 'Sr. Technical Quality Speciali', 338590),
(90, 'Business Applications Principa', 248871),
(91, 'Technical Advisor', 641805),
(92, 'Software Developer III', 641805),
(93, 'Sr. Business Applications Anal', 641805),
(94, 'Software Developer Advisor', 641805),
(95, 'Software Developer II', 641805),
(96, 'Manager IT', 248871),
(97, 'Project/Process Advisor', 641723),
(98, 'Scrum Master Advisor', 641723),
(99, 'Project Management Principal', 641723),
(100, 'Sr. Project/Process Analyst', 641723),
(101, 'Technical Analyst', 641723),
(102, 'Business Applications Analyst', 641135),
(103, 'Software Developer I', 641135),
(104, 'Software Developer III', 641135),
(105, 'Project/Process Advisor', 641135),
(106, 'Full Stack Developer Advisor', 641135),
(107, 'Software Developer Advisor', 641135),
(108, 'Technical Principal', 641716),
(109, 'Software Engineer Advisor', 641716),
(110, 'Project/Process Advisor', 641716),
(111, 'Software Developer III', 641716),
(112, 'Software Developer II', 641716),
(113, 'Software Developer III', 641615),
(114, 'Technical Quality Advisor', 641615),
(115, 'Software Developer Advisor', 641615),
(116, 'Sr. Technical Quality Speciali', 641615),
(117, 'Director Administrative Assist', 181521),
(118, 'Software Engineering Principal', 181521),
(119, 'Sr. Project/Process Analyst', 641729),
(120, 'Software Engineer Advisor', 641729),
(121, 'Software Engineer III', 641729),
(122, 'Software Engineer II', 641729),
(123, 'Manager IT', 181521),
(124, 'Scrum Master II', 641729),
(125, 'Sr. Engineering Specialist', 689123),
(126, 'Associate Data Analyst', 689123),
(127, 'Software Engineer I', 689123),
(128, 'Data Analyst Advisor', 689123),
(129, 'Sr. System Administrator', 689123),
(130, 'Software Engineer Advisor', 689123),
(131, 'Software Engineer III', 689123),
(132, 'Sr. Data Analyst', 689123),
(133, 'DBA Principal', 689123),
(134, 'Technical Advisor', 689123),
(135, 'Sr. Project/Process Analyst', 689123),
(136, 'Sr. Systems Administrator', 689123),
(137, 'Manager IT', 689123),
(138, 'Software Engineer III', 641325),
(139, 'Systems Administrator Advisor', 641325),
(140, 'Software Engineer Advisor', 641325),
(141, 'Systems Programmer', 641325),
(142, 'Software Developer III', 641325),
(143, 'Sr. Solutions Architect', 100533),
(144, 'Solutions Architect', 100533),
(145, 'Business Applications Principa', 100533),
(146, 'Domain Architect', 100533),
(147, 'Software Engineer Advisor', 100533),
(148, 'Data Architect', 100533),
(149, 'Software Engineer III', 100533),
(150, 'Technical Quality Advisor', 641623),
(151, 'Technical Principal', 641623),
(152, 'Software Engineer Advisor', 641623),
(153, 'Software Engineering Principal', 641623),
(154, 'Technical Advisor', 641623),
(155, 'Quality Architect Principal', 641623),
(156, 'Software Engineer II', 641623),
(157, 'SVP', NULL),
(158, '', NULL);

--
-- Table structure for table `FedEx_Archived`
--

CREATE TABLE `FedEx_Archived` (
  `e_id` varchar(20) NOT NULL,
  `f_name` varchar(50) DEFAULT NULL,
  `l_name` varchar(50) DEFAULT NULL,
  `job_code` varchar(10) DEFAULT NULL,
  `zip_code` varchar(10) DEFAULT NULL,
  `m_id` varchar(20) DEFAULT NULL,
  `d_id` varchar(20) DEFAULT NULL,
  `vp_id` varchar(20) DEFAULT NULL,
  `svp_id` varchar(20) DEFAULT NULL,
  `archived_date` timestamp NULL DEFAULT current_timestamp()
) ENGINE=InnoDB DEFAULT CHARSET=utf8mb4 COLLATE=utf8mb4_general_ci;

--
-- Table structure for table `FedEx_Employees`
--

CREATE TABLE `FedEx_Employees` (
  `e_id` varchar(20) NOT NULL,
  `f_name` varchar(50) DEFAULT NULL,
  `l_name` varchar(50) DEFAULT NULL,
  `job_code` varchar(10) DEFAULT NULL,
  `zip_code` varchar(10) DEFAULT NULL,
  `m_id` varchar(20) DEFAULT NULL,
  `d_id` varchar(20) DEFAULT NULL,
  `vp_id` varchar(20) DEFAULT NULL,
  `svp_id` varchar(20) DEFAULT NULL,
  `security_clearance` varchar(10) DEFAULT NULL,
  `tenure` varchar(10) DEFAULT NULL,
  `anniversary` varchar(20) DEFAULT NULL,
  `birth_date` varchar(20) DEFAULT NULL,
  `org_name` varchar(255) DEFAULT NULL,
  `username` varchar(50) DEFAULT NULL,
  `password` varchar(255) DEFAULT NULL,
  `password_reset_required` varchar(10) DEFAULT 'TRUE'
) ENGINE=InnoDB DEFAULT CHARSET=utf8mb4 COLLATE=utf8mb4_general_ci;

INSERT INTO `FedEx_Employees` (`e_id`, `f_name`, `l_name`, `job_code`, `zip_code`, `m_id`, `d_id`, `vp_id`, `svp_id`, `security_clearance`, `tenure`, `anniversary`, `birth_date`, `org_name`, `username`, `password`, `password_reset_required`) VALUES
('100533', 'Ammar', 'Dickson', 'L2590', '33801', '181521', '181521', '3252557', '312892', '2', '15', '1-Apr', '5-Nov', 'Architecture', 'Dickson', '6921d0734b8c58a34072f47722089275433ea02d7e4e48fa0dd012e8902b1718', 'TRUE'),
('181521', 'Jacob', 'Sims', 'L1790', '33801', '3252557', '0', '3252557', '312892', '3', '14', '27-Nov', '9-Jul', 'Architecture', 'Sims', '5783432389ce6b529f7b7751266c93aa75a667db5f2507b26bea0225077412aa', 'TRUE'),
('18729', 'Gabriella', 'Torres', 'L5290', '38120', '312892', '0', '3252689', '312892', '1', '14', '9-Oct', '1-Sep', 'FedEx Freight Systems', 'Torres', 'e4b17c02b3c4c17857a0dfbf905aa440baa26222fc228e09cf04b4cb84bdc69a', 'TRUE'),
('2395844', 'Davey', 'Hudson', 'L7293', '72601', '641729', '181521', '3252557', '312892', '1', '20', '30-Jan', '26-Dec', 'Technical Services', 'Hudson', 'd2a22aa4e30395dd27c42d3adfde8be4c2cc1bb80800b3836bf5a773937d51a8', 'TRUE'),
('2458880', 'Ferne', 'Boyle', 'L0085', '80921', '641627', '298971', '3252557', '312892', '1', '5', '10-Sep', '3-May', 'FXF Dock Solutions', 'Boyle', 'b2a37379589f791b53e1e2e9b9debb78bef24ca40b680c7d0eaa3b4f2e0f18ff', 'TRUE'),
('246043', 'Avleen', 'Meadows', 'L1291', '72601', '641311', '641199', '3252689', '312892', '1', '2', '16-Jul', '9-Feb', 'FXF Direct', 'Meadows', 'b8d8b92f02366a4807dd67da2dd61e84c2db4d37ef7915ea39297fe2d12648cd', 'TRUE'),
('248871', 'Zayaan', 'Estrada', 'L1790', '38017', '3252557', '0', '3252557', '312892', '3', '25', '1-May', '9-Jun', 'FXF Sys Gov and QA', 'Estrada', '9032e23aa200ad3b7a9de4d3e77c9e5bf1851caf3af304340f33d1be8a8d14b5', 'TRUE'),
('266495', 'Madeleine', 'Ballard', 'L1392', '38120', '312892', '0', '3252689', '312892', '1', '14', '3-Jan', '17-Dec', 'FedEx Freight Systems', 'Ballard', 'dc75a8275f947afce95af8c4f88e4bb36b4201ed9faa98766d28f7e01087f052', 'TRUE'),
('281327', 'Hafsah', 'Townsend', 'L2590', '80921', '298971', '298971', '3252557', '312892', '2', '0', '16-Jun', '18-Oct', 'Decision Support', 'Townsend', 'eaf15a373dae517ae5c0de09c824880b2ddfe825e89074515779907f003c54ce', 'TRUE'),
('298908', 'Libbi', 'Wooten', 'L2590', '38017', '298971', '298971', '3252557', '312892', '2', '12', '18-Jun', '28-Sep', 'FXF Mobile Solutions', 'Wooten', 'b66690fb86da687dda8d0e4be51958aab94e4b595272d7c5c03b4810d09ee8d1', 'TRUE'),
('298971', 'Maison', 'Whittaker', 'L1790', '38017', '3252557', '0', '3252557', '312892', '3', '0', '1-Dec', '19-Mar', 'FXF Services', 'Whittaker', '851eb06f2af1c16aed9337258500fe15d40d639ce90f18f3baec9ab98a4d02c8', 'TRUE'),
('3065634', 'Zeenat', 'Chamberlain', 'L7293', '72601', '641623', '181521', '3252557', '312892', '1', '14', '15-Dec', '5-Dec', 'Reliability and Environments', 'Chamberlain', '85337a5bd9df5c9a98df545cccaeb77491a38a09959aa3de8eca3713763f339e', 'TRUE'),
('3077908', 'Yaqub', 'Mac', 'L4298', '80921', '641311', '641199', '3252689', '312892', '1', '3', '1-Feb', '9-Sep', 'FXF Direct', 'Mac', 'f10e7bd86345da413041d540cd7a8b267f34b064105d5b36bc166bd5c6178783', 'TRUE'),
('3079108', 'Kenneth', 'Gordon', 'L5598', '72601', '426315', '641530', '3252557', '312892', '1', '12', '16-Nov', '15-Jun', 'Customer', 'Gordon', '8b7f57deba1ce1bc3f6f9f5418aa8f07af392d0386eba6cf70753f60ae672a41', 'TRUE'),
('3109187', 'Spike', 'Galindo', 'L1485', '80921', '281327', '298971', '3252557', '312892', '1', '13', '1-Jun', '23-Dec', 'Decision Support', 'Galindo', 'da1b247def45fcfcbec1ae67d047ec412ede2da619c41d0e77840685ea958a93', 'TRUE'),
('3110575', 'Abraham', 'Rollins', 'L0085', '80921', '281327', '298971', '3252557', '312892', '1', '19', '1-Jun', '3-Jul', 'Decision Support', 'Rollins', 'f7b9efead10bb436f009a0c114631b0b8e75183602da3434de02bb4595951160', 'TRUE'),
('3112629', 'Aston', 'Watson', 'L4298', '80921', '641767', '641530', '3252557', '312892', '1', '14', '8-Dec', '2-Jan', 'Legacy Systems', 'Watson', '2925c5dee325ef112479012d9c1aa0fb2962a2cac6bfb3239944f1f430b062b0', 'TRUE'),
('3112633', 'Robert', 'Noble', 'L4298', '33801', '641767', '641530', '3252557', '312892', '1', '22', '16-Dec', '16-Feb', 'Legacy Systems', 'Noble', '8489a53524ebb766a0779c907a495f8cb731395fbcab47968c6f5864d62c7faa', 'TRUE'),
('3112634', 'Isla-Grace', 'Alexander', 'L4298', '33801', '641767', '641530', '3252557', '312892', '1', '8', '16-Aug', '19-Oct', 'Legacy Systems', 'Alexander', '143617444fc252908464510a3865da91811fd90045abfb526b056c88f6dd8258', 'TRUE'),
('3115055', 'Kylo', 'Leonard', 'L4298', '72601', '641814', '298971', '3252557', '312892', '1', '25', '22-Sep', '1-May', 'FXF Dock Solutions', 'Leonard', '5a48ee76aec4750f645f03a734e7fd7c815e6f57b61a5b42558fa5c387bd0922', 'TRUE'),
('3116156', 'Virginia', 'Blanchard', 'L4298', '80921', '641767', '641530', '3252557', '312892', '1', '17', '28-Mar', '31-Mar', 'Legacy Systems', 'Blanchard', 'faa5775b2933815cb3b8eabae5694f354718a92f4c8201f2a916baa4767ab905', 'TRUE'),
('3116160', 'Perry', 'Sutton', 'L4298', '33801', '641687', '641530', '3252557', '312892', '1', '6', '7-Apr', '25-Jun', 'Shipping', 'Sutton', '11559180de3d078e79ec37879fac599037d99563b342304afeb75a02e1feab9f', 'TRUE'),
('3121293', 'Alanah', 'Shields', 'L4298', '72601', '641814', '298971', '3252557', '312892', '1', '3', '28-Mar', '7-Feb', 'FXF Dock Solutions', 'Shields', '436142a1b05e3781019bf917f4697bab9c2162dfc295ebe8037155b55020ddf9', 'TRUE'),
('3123069', 'Mairead', 'Cornish', 'L0085', '80921', '641135', '248871', '3252557', '312892', '1', '15', '14-Jan', '4-Apr', 'MF Retirement', 'Cornish', 'f4e6f7ab3f620580179729ed48fcbae89a8b5abf8608aaa2f311cf2dffef14c9', 'TRUE'),
('312892', 'George', 'Jones', 'Z9999', '38120', '', '', '', '', '5', '9', '27-Dec', '10-Feb', 'SVP', 'Jones', 'dbad65de95ee244cc61d9a943e6b86ca7f167f751abf88630881f003e2ec43f4', 'TRUE'),
('3138594', 'Nicholas', 'Hamer', 'L1485', '33801', '641199', '641199', '3252689', '312892', '1', '17', '28-Aug', '1-Feb', 'FedEx Freight Systems', 'Hamer', '943afa80528d21b767eb4e2d0c949c511cc0a668e841b98a3cc55fd6ed2165a1', 'TRUE'),
('3138999', 'Annette', 'Matthams', 'L2782', '80921', '641311', '641199', '3252689', '312892', '1', '19', '1-Jun', '5-Mar', 'FXF Direct', 'Matthams', 'e9e02a6cec33e9623a89d35ea3fbe12989c6a1c7dbbb47fb8b51c8acc34c921d', 'TRUE'),
('3139103', 'Beauden', 'Morris', 'L4298', '33801', '641687', '641530', '3252557', '312892', '1', '14', '9-Oct', '28-Jul', 'Shipping', 'Morris', '2d59f67d9dae77f9019b111dd0073be03fa9d3a09dd779c6c718013dac761603', 'TRUE'),
('3159496', 'Amara', 'Southern', 'L0185', '33801', '641716', '248871', '3252557', '312892', '1', '14', '16-Jan', '11-May', 'Pricing and Rating Modernization', 'Southern', 'f492f2bbd16f980e597b5a3df9c70bb5e25d3fed4063a3bf39b2759b05d5dd35', 'TRUE'),
('3165867', 'Abdurahman', 'Sharp', 'L4198', '33801', '641767', '641530', '3252557', '312892', '1', '18', '12-Feb', '11-Apr', 'Legacy Systems', 'Sharp', 'ae52f2e5a924e9a6d7af98687274443e715df6961299f8dcadd141079bddbdf5', 'TRUE'),
('3166857', 'Abdulrahman', 'John', 'L0185', '33801', '641805', '248871', '3252557', '312892', '1', '23', '1-Oct', '18-Dec', 'Vendor Management', 'John', 'c06c25b6e6a5794381fb53e5f45f3bfabfbe10c5c434a483ee378e90da2e4f10', 'TRUE'),
('3187564', 'Tahmid', 'Wilder', 'L4390', '33801', '100533', '181521', '3252557', '312892', '1', '17', '27-Apr', '7-Nov', 'Architecture', 'Wilder', 'f06453898f33eb93f1b8cd6cfb48819fc5f3b022673b3615621243f7abf6fe49', 'TRUE'),
('3203304', 'Fannie', 'Travers', 'L8590', '80921', '641615', '248871', '3252557', '312892', '1', '1', '25-Apr', '17-May', 'Pricing and Rating Legacy', 'Travers', '31b52d8eef5c1227169e4ada9aca7f5f2d58e9dc8886d0d25858f994614dca6b', 'TRUE'),
('3227835', 'Tianna', 'Pritchard', 'L0085', '38120', '281327', '298971', '3252557', '312892', '1', '4', '16-Jan', '11-Nov', 'Decision Support', 'Pritchard', 'ad7d86b3ef2ed56b6a8eb20406301f9dbfa8c32743815fb502a49a7469885358', 'TRUE'),
('3227924', 'Reilly', 'Lane', 'L7093', '80921', '689123', '181521', '3252557', '312892', '1', '13', '16-Aug', '26-Mar', 'Data Warehouse', 'Lane', '1eab9f99bd486f13f7f0fff3f3a4e5a5bddb5a75bd10e350e5b5fa5e70009fda', 'TRUE'),
('3228892', 'Jorge', 'Stark', 'L8190', '72601', '641311', '641199', '3252689', '312892', '1', '21', '16-Jul', '30-Aug', 'FXF Direct', 'Stark', 'cf94afedc7f69a684fe74a32978a5508152130e6f9c3b0d4a376f8495ae771c6', 'TRUE'),
('3252557', 'Anna', 'Macleod', 'L6290', '38120', '312892', '0', '0', '312892', '4', '21', '26-Jul', '22-Apr', 'FXF IT Solutions', 'Macleod', 'a27d89b861f1ff1daf4e40c1cc7639a3a4fc62ca0e425b802ce1e8e90122da18', 'TRUE'),
('3252689', 'Alex', 'Ricardo', 'L6290', '38120', '312892', '0', '0', '312892', '4', '35', '26-Jul', '22-Apr', 'FXF IT Solutions', 'Ricardo', 'bf1bed39473ae5b2dd6ed6dcb8c25453ec993210170664816fa2118850205092', 'TRUE'),
('3319398', 'Cooper', 'Shea', 'L4298', '80921', '641311', '641199', '3252689', '312892', '1', '21', '10-May', '5-Nov', 'FXF Direct', 'Shea', 'a282b00e188645736647d0891929ffdc144b7559851728f0efa6ad05ebcd6ad6', 'TRUE'),
('338590', 'Nancie', 'Kidd', 'L2590', '80921', '641530', '641530', '3252557', '312892', '2', '22', '12-Jul', '30-Oct', 'Customer', 'Kidd', '098f3442b961fb9ed40513e2b03d8a1d458db77e2e92feceb99ae154604d2525', 'TRUE'),
('364670', 'Samad', 'Curtis', 'L2590', '38120', '641530', '641530', '3252557', '312892', '2', '14', '1-Dec', '28-Feb', 'FXF Imaging', 'Curtis', '93fbae3e79263f3cd2f3449de3d078ddd6c3edd0d6cee593860caed3bb5a08e9', 'TRUE'),
('366979', 'Michaela', 'Justice', 'L7493', '15108', '641325', '181521', '3252557', '312892', '1', '13', '15-Aug', '21-Apr', 'DevSecOps', 'Justice', '0e93c4f5412fed3e429f59fcff53ad5573e8ade33e5984c931f4315b102603b3', 'TRUE'),
('372301', 'Muna', 'Flower', 'L5598', '80921', '338590', '641530', '3252557', '312892', '1', '16', '16-Jan', '12-Oct', 'Customer', 'Flower', 'f12e90b3424cbed2942d5f85c2fb2ce57a74c9cd8fb8cdbd8ae4e6c4f2104561', 'TRUE'),
('426315', 'Tyra', 'Bray', 'L2590', '38017', '641530', '641530', '3252557', '312892', '2', '14', '1-Jan', '15-Jul', 'Customer', 'Bray', '051c15a54325eadd0b1fe7b965157442845554ffa0191a03fe84ffbd5b5aa97f', 'TRUE'),
('4326904', 'Kian', 'Caldwell', 'L5698', '80921', '641311', '641199', '3252689', '312892', '1', '0', '1-Jun', '10-May', 'FXF Direct', 'Caldwell', '13f10e60a6bc9e8da5ec8da55567e58a787d08dda3338946f3de243296d9370d', 'TRUE'),
('4326913', 'Tamara', 'Pierce', 'L1485', '33801', '298908', '298971', '3252557', '312892', '1', '9', '4-Jan', '7-Oct', 'FXF Mobile Solutions', 'Pierce', '291ac4f587d7c71dbade402f2731ffcde9feeb768e82a1e09ba029e75fb227ef', 'TRUE'),
('4331519', 'Woodrow', 'Pruitt', 'L4298', '72601', '641814', '298971', '3252557', '312892', '1', '3', '2-Jan', '6-Mar', 'FXF Dock Solutions', 'Pruitt', '431f34860f29f6a458157a84baa8bf21010e64b0835d35bb39c6f4804018d586', 'TRUE'),
('4331540', 'Khadijah', 'Christian', 'L5598', '72601', '641814', '298971', '3252557', '312892', '1', '19', '28-Aug', '29-Aug', 'FXF Dock Solutions', 'Christian', '1c563838176dead489968e24c2d97b9e1a90ef447cd3b2facce60504d919f577', 'TRUE'),
('4409443', 'Ishika', 'Escobar', 'L5598', '80921', '641311', '641199', '3252689', '312892', '1', '23', '1-Jul', '31-Mar', 'FXF Direct', 'Escobar', 'd56d79bcbd6b7e147568cfb39f95f69203887063ae92de03768f4c26eb6c4f69', 'TRUE'),
('4410068', 'Theo', 'Pena', 'L5598', '33801', '298908', '298971', '3252557', '312892', '1', '21', '25-Feb', '6-Jan', 'FXF Mobile Solutions', 'Pena', '93988d8edbd60c90d484d4fd5e5299179524ae3ad74d0749454ab79d3a7e5afc', 'TRUE'),
('4455651', 'Rumaisa', 'Puckett', 'L4298', '33801', '364670', '641530', '3252557', '312892', '1', '21', '7-Mar', '19-Aug', 'FXF Imaging', 'Puckett', '55ee1da1fc6578da38e01ba5b860227a800cd4d35fca6fe35a0c8a501f7666c0', 'TRUE'),
('4484086', 'Colleen', 'Valdez', 'L0185', '80921', '641627', '298971', '3252557', '312892', '1', '15', '3-Apr', '11-Jun', 'FXF Dock Solutions', 'Valdez', '4b865a67c19c9a05038415cc215a379bfacdb82c627b9cc82eed0bf7f353d7cf', 'TRUE'),
('4485603', 'Shaquille', 'Lucero', 'L5598', '72601', '641814', '298971', '3252557', '312892', '1', '13', '1-Aug', '6-Jul', 'FXF Dock Solutions', 'Lucero', 'fa587e7188873be43a73096be83ffc044253d8153e2f85aab46de93b8f43292c', 'TRUE'),
('4485604', 'Ephraim', 'Sharp', 'L4298', '72601', '641814', '298971', '3252557', '312892', '1', '22', '1-Nov', '30-Oct', 'FXF Dock Solutions', 'Sharp', 'db379290a2ddda5db02b38ba4ca27428d85218cba66a745df593a1c9fb78f4d8', 'TRUE'),
('4486523', 'Rhea', 'Hackett', 'L1385', '33801', '641687', '641530', '3252557', '312892', '1', '16', '2-Jun', '20-Feb', 'Shipping', 'Hackett', 'f5aed07038b249f70154582e710cfd5e692b1cae46985aee3488a0347f2c12de', 'TRUE'),
('4488957', 'Hajra', 'Wilkes', 'L7090', '80921', '4489576', '0', '3252689', '312892', '1', '2', '14-Feb', '14-Nov', 'FedEx Freight Systems', 'Wilkes', 'e0ffb52067968491278988d15cb9a5de314d21c0a75e92f208128df28c69bc3b', 'TRUE'),
('4489576', 'Aneeka', 'Spencer', 'L2590', '38120', '312892', '0', '3252689', '312892', '2', '22', '9-Mar', '13-May', 'FedEx Freight Systems', 'Spencer', '3cb0381b8bef9128e679a1d2abb7e1a87332948c1723139994d3b1b51622c59b', 'TRUE'),
('4493368', 'Benito', 'Monroe', 'L3190', '72601', '364670', '641530', '3252557', '312892', '1', '8', '15-May', '4-Jan', 'FXF Imaging', 'Monroe', '2e802c6ad111ef39c690e0d2aa7fbd407a284b579467b3b97658663a777c699c', 'TRUE'),
('4493443', 'Martin', 'Porter', 'L1485', '33801', '641627', '298971', '3252557', '312892', '1', '8', '16-May', '27-May', 'FXF Dock Solutions', 'Porter', '7350597d23ed9fd81b75d5d33a9478d41a80fdd79a4e45c7bb9e7337a6b7069f', 'TRUE'),
('4495695', 'Debbie', 'Kendall', 'L7393', '33801', '641729', '181521', '3252557', '312892', '1', '1', '5-Jun', '28-Aug', 'Technical Services', 'Kendall', 'db5fe35447f2fc350764d90d455faa4ea4ba908d15af37335b064098710692a8', 'TRUE'),
('4499536', 'Toni', 'Manning', 'L4298', '72601', '641814', '298971', '3252557', '312892', '1', '12', '16-May', '14-Oct', 'FXF Dock Solutions', 'Manning', 'db824930fa486b253e363e2dfed967042db2f5e618fd7650ff4a38c2390d53f1', 'TRUE'),
('4519132', 'Macy', 'Brandt', 'L7493', '80921', '641325', '181521', '3252557', '312892', '1', '15', '19-Jun', '22-Sep', 'DevSecOps', 'Brandt', 'fdf50ea50f1f5134d5107d8a98542db3a8f745b51b00aea41d6c6d55d56f0a8c', 'TRUE'),
('4525208', 'Kobe', 'Reese', 'L7493', '80921', '641325', '181521', '3252557', '312892', '1', '14', '25-Jan', '22-Mar', 'DevSecOps', 'Reese', '70ad4f967eadf76570e9977ab32b4052902ce2ca85cb5551d5a97eecb57ff5b6', 'TRUE'),
('4525209', 'Aaisha', 'Velasquez', 'L5590', '33801', '641325', '181521', '3252557', '312892', '1', '35', '3-Jun', '2-Jan', 'DevSecOps', 'Velasquez', '65d167415e57f2b63e8c401099d04870db99282be72dbd381c3edb0e75db3559', 'TRUE'),
('508325', 'Eesa', 'Avalos', 'L7493', '80921', '641716', '248871', '3252557', '312892', '1', '30', '16-Apr', '14-Feb', 'Pricing and Rating Modernization', 'Avalos', '791e3f25a2ff75b4432b92ddcdd2a70a746d106fad6db2286b15f9060fe74362', 'TRUE'),
('601217', 'Jermaine', 'Robinson', 'L4185', '80921', '641144', '298971', '3252557', '312892', '1', '13', '1-May', '21-Mar', 'FXF Ops Systems', 'Robinson', 'e2092d48ec878a91a354afd9f99e3764787781d2c9bcd66af7fea617006cb736', 'TRUE'),
('612622', 'Charles', 'Rockingham', 'L7393', '80921', '689123', '181521', '3252557', '312892', '1', '7', '21-Apr', '12-Jun', 'Data Warehouse', 'Rockingham', '700056c2221c2d7d0b9cdcbc8efc0180c2309a14113ef31f524ea6b407b2fa9e', 'TRUE'),
('617939', 'Jenny', 'Kenny', 'L8590', '33801', '298908', '298971', '3252557', '312892', '1', '16', '23-Mar', '25-Aug', 'FXF Mobile Solutions', 'Kenny', 'eed49e2f3fdc01745dda64664c500a9adf5f6ebf460d41c92e5f64584cf9142b', 'TRUE'),
('623597', 'Moji', 'Vizputin', 'L7393', '80921', '689123', '181521', '3252557', '312892', '1', '5', '25-Aug', '8-May', 'Data Warehouse', 'Vizputin', '30dc43c82e86a0f2d4987cd8a26236f84882600bf8b07e2ef7369de4b37599ed', 'TRUE'),
('641042', 'Ayda', 'Fountain', 'L1190', '33801', '281327', '298971', '3252557', '312892', '1', '14', '16-Jun', '17-Oct', 'Decision Support', 'Fountain', 'ec069616aa1391a7e3fb8af0667b2a523eeb38dfed51e19848944a86859fa2b2', 'TRUE'),
('641135', 'Blane', 'Cowan', 'L2590', '72601', '248871', '248871', '3252557', '312892', '2', '16', '24-Feb', '2-Oct', 'MF Retirement', 'Cowan', '8d57f4a436929ee5f4565335c5277e6e0bef5e6df1aaa4f976614a7a6b7f25dd', 'TRUE'),
('641136', 'Charles', 'Pickett', 'L5698', '72601', '641148', '0', '3252689', '312892', '1', '22', '11-Apr', '1-Jun', 'Research and Development', 'Pickett', 'bf206d5ee2cc4707dab01def2e4b0556d16c00dd73d3049f7f4da488d25b4fc1', 'TRUE'),
('641142', 'Keiron', 'Hodge', 'L4285', '72601', '641144', '298971', '3252557', '312892', '1', '14', '11-Dec', '10-Feb', 'FXF Ops Systems', 'Hodge', 'c6ccdab156ea245d7c2a2bf3cfafd2e2274a3b0ed38186f5bb1ade5c47563211', 'TRUE'),
('641144', 'Gianluca', 'Jacobson', 'L2590', '72601', '298971', '298971', '3252557', '312892', '2', '3', '16-Jun', '15-Aug', 'FXF Ops Systems', 'Jacobson', 'd72c66e62520ce0d28e1d6cb18fa64191288efcef658710e7a9b489787f7bc2c', 'TRUE'),
('641145', 'May', 'Silva', 'L7090', '72601', '364670', '641530', '3252557', '312892', '1', '15', '9-Jul', '19-Mar', 'FXF Imaging', 'Silva', '4fddc56eb1de693be08ab600146f36958c9493bac8e04fb06730aa42d958a170', 'TRUE'),
('641147', 'Heena', 'Jeffery', 'L1291', '72601', '641148', '0', '3252689', '312892', '1', '19', '16-Dec', '9-Sep', 'Research and Development', 'Jeffery', 'c3b6902c0760e8f99bc52c621b6827c0ad41e2bfc733217f00b52f0ea8bbddd1', 'TRUE'),
('641148', 'Chaim', 'Whittington', 'L2590', '72601', '312892', '0', '3252689', '312892', '2', '22', '1-Jun', '30-Apr', 'Research and Development', 'Whittington', 'f10c2e536b594c1539a19e884fe5387a7d5f01db34dbd111be73df469de298a5', 'TRUE'),
('641149', 'Cruz', 'Cote', 'L4085', '72601', '641144', '298971', '3252557', '312892', '6', '16', '30-Oct', '10-Jul', 'FXF Ops Systems', 'Cote', 'bead0d53867d0eabdd941f0ab7f9a69da6a2a2201a0350cf0dc94c5b9e0bd556', 'TRUE'),
('641165', 'Devon', 'Guzman', 'L0285', '72601', '641627', '298971', '3252557', '312892', '1', '18', '23-Mar', '14-Mar', 'FXF Dock Solutions', 'Guzman', '6524205147336e4149accd36d5b90fa39fdb57ebd81b17b75ff4408f2e50b028', 'TRUE'),
('641172', 'Ayaan', 'Fleming', 'L6390', '72601', '100533', '181521', '3252557', '312892', '1', '18', '22-Mar', '30-Nov', 'Architecture', 'Fleming', '4efd896ea51706057c86eac93d4c7a91c6a92cd848d658b9c64b8983bd93308b', 'TRUE'),
('641176', 'Eileen', 'Iles', 'L0285', '72601', '641615', '248871', '3252557', '312892', '1', '30', '22-Sep', '29-Jun', 'Pricing and Rating Legacy', 'Iles', 'e685c97f12b1a0cc4c6259afa184216f806a8c7868a11e6501aead88e52ad687', 'TRUE'),
('641178', 'Rahul', 'Ortiz', 'L1291', '72601', '641623', '181521', '3252557', '312892', '1', '22', '2-Jan', '12-Jun', 'Reliability and Environments', 'Ortiz', '1ad33c16932d23aee6be7f3707eee7225f167b4dea2adb2b8811e328c75800b2', 'TRUE'),
('641180', 'Maeve', 'Mckinney', 'L4285', '72601', '641144', '298971', '3252557', '312892', '1', '14', '16-May', '13-Nov', 'FXF Ops Systems', 'Mckinney', '2b6490ac397c4433f59c4ebce3bff3c81b0e0cb8ad92bbeb10994e0448d1ae14', 'TRUE'),
('641182', 'Gavin', 'Armstrong', 'L2894', '72601', '641144', '298971', '3252557', '312892', '1', '16', '7-Jun', '14-Oct', 'FXF Ops Systems', 'Armstrong', '7d35786a7f01fae6c874bcc24d05844858aca3d78c3f4a494c623b53fb631a76', 'TRUE'),
('641184', 'Lilia', 'Ramos', 'L1291', '72601', '641716', '248871', '3252557', '312892', '1', '1', '16-Oct', '20-Oct', 'Pricing and Rating Modernization', 'Ramos', '5bbf672c3fd34aad6c66fd669ae1b05e2d80c0cbc8ee88d9982aa99313055b89', 'TRUE'),
('641185', 'Kealan', 'Sweet', 'L6390', '66111', '100533', '181521', '3252557', '312892', '1', '2', '13-Sep', '16-Jun', 'Architecture', 'Sweet', 'dfe1500803f9ab61ac690916c7c98c6de1da052c2e79539a8a6e34b63f9be026', 'TRUE'),
('641187', 'Kacey', 'Scott', 'L2998', '80921', '100533', '181521', '3252557', '312892', '1', '2', '7-Feb', '18-Apr', 'Architecture', 'Scott', '989dff20c618813cc7863064d0d00c2aa73aa440f3d410c87d0db13195211a79', 'TRUE'),
('641188', 'Nala', 'Thompson', 'L1585', '80921', '641723', '248871', '3252557', '312892', '1', '12', '2-Jul', '5-Aug', 'FXF Project Management Office', 'Thompson', 'a5775e97e7a32fdef7b2e842e6c0fee7ee526c89a307db1a160295bbee366278', 'TRUE'),
('641194', 'Ayomide', 'Battle', 'L7090', '95054', '641723', '248871', '3252557', '312892', '1', '12', '1-Oct', '24-Feb', 'FXF Project Management Office', 'Battle', '9744156fa814681910671b04a651321aa4f8c29787404ccc9f59a35a7279bb10', 'TRUE'),
('641199', 'Boyd', 'Hahn', 'L1790', '80921', '312892', '0', '3252689', '312892', '3', '3', '14-Apr', '7-Jun', 'FedEx Freight Systems', 'Hahn', '5e0223ac5bc3c0c13c4cef7ddbc5292a1dd20f07f869623aa9daa1a2070dd1ca', 'TRUE'),
('641200', 'Maurice', 'Hayden', 'P1690', '80921', '641199', '641199', '3252689', '312892', '1', '3', '1-Jul', '9-Sep', 'FedEx Freight Systems', 'Hayden', '2311cf15d160f4318b4b22c0973eb65c7557b706b1269d3d646a73cb9b681f45', 'TRUE'),
('641201', 'Beverly', 'Murillo', 'L1990', '80921', '100533', '181521', '3252557', '312892', '1', '2', '22-Mar', '29-Jan', 'Architecture', 'Murillo', 'e879392add2f68d7b4ae255ca967cc59a0b1d2b1c19a8d4864a6cfb40e6b84c2', 'TRUE'),
('641221', 'Marek', 'Mccabe', 'L1485', '72601', '426315', '641530', '3252557', '312892', '1', '22', '13-Mar', '10-Feb', 'Customer', 'Mccabe', '9112873a5a22ba5646a26cd7c0eb7eeea9455abe02603781f92ae4bf64f57c3e', 'TRUE'),
('641222', 'Beverly', 'Snow', 'L1290', '72601', '641135', '248871', '3252557', '312892', '1', '9', '1-Jun', '24-Apr', 'MF Retirement', 'Snow', 'f8dc12160a858cc4d059096b7db2d37791996d4f83f352e19cf06b2c7fe9c04c', 'TRUE'),
('641226', 'Dawood', 'Ali', 'L7393', '72601', '100533', '181521', '3252557', '312892', '1', '30', '1-Dec', '28-Jan', 'Architecture', 'Ali', '45f1dbaf9bba8330a5ac0692a5320b80c7b3da9bc6d660ce65f98c9bc48caec7', 'TRUE'),
('641227', 'Areeb', 'Holt', 'L1190', '72601', '641687', '641530', '3252557', '312892', '1', '2', '27-Oct', '13-Dec', 'Shipping', 'Holt', 'e952b86ce31f4978e0f09613ea27ed084f7dabf9597e405c9ab56d7e63029d8f', 'TRUE'),
('641228', 'Sierra', 'Rivera', 'L2890', '63077', '641814', '298971', '3252557', '312892', '1', '13', '1-Apr', '30-Jan', 'FXF Dock Solutions', 'Rivera', '7fe508cfd1b8804672ed5f68bba3a288462670efa67189d56bd5a85c85f48278', 'TRUE'),
('641235', 'Ella-Mae', 'Avery', 'L5698', '72601', '641814', '298971', '3252557', '312892', '1', '2', '16-Apr', '30-Jan', 'FXF Dock Solutions', 'Avery', 'a5fa8a8892accd174f66a4617a390ab3eab2d884e780de45e1fc25dd7f189884', 'TRUE'),
('641237', 'Amina', 'George', 'L4090', '72601', '641723', '248871', '3252557', '312892', '1', '24', '1-Jul', '26-Jan', 'FXF Project Management Office', 'George', 'b5ec3275efb2b89d58b7ac41e7b58cc8ca075013c1b8a31f8aac405f967252d1', 'TRUE'),
('641245', 'Haydn', 'Higgins', 'L7293', '72601', '641729', '181521', '3252557', '312892', '1', '16', '16-Jun', '20-May', 'Technical Services', 'Higgins', '27524888982807a5584e1fd8d1834ac2fa9ad920c011d5dc7cac586b7bdb7b16', 'TRUE'),
('641270', 'Idris', 'Bevan', 'L5698', '80921', '645235', '641530', '3252557', '312892', '1', '1', '1-Jun', '29-Jan', 'Legacy Systems', 'Bevan', '3598da5ec9290aa70b95480c09d107967a0909ff50da87ac88aa74c8c6ea8f44', 'TRUE'),
('641271', 'Umaima', 'Hayward', 'L1990', '80921', '100533', '181521', '3252557', '312892', '1', '20', '16-Jun', '13-Apr', 'Architecture', 'Hayward', '7e4c2bb193d4802ba76c64626a26aca7b5d1459c55f21699fac6a736ec05e47e', 'TRUE'),
('641273', 'Frederic', 'Flores', 'L9199', '72601', '645235', '641530', '3252557', '312892', '1', '15', '16-Nov', '20-Feb', 'Legacy Systems', 'Flores', 'de2effa5109f1cbe1759ff7060561be995c42716cde4cb13751c76a73d3848d3', 'TRUE'),
('641274', 'Francisco', 'Mair', 'L0385', '75063', '641135', '248871', '3252557', '312892', '1', '24', '18-May', '22-Nov', 'MF Retirement', 'Mair', '9de751180df0264fd0a86a633147660d84104bfc8ecf381feb5b8fbf5bb4f80e', 'TRUE'),
('641283', 'Jaxx', 'Russell', 'L8985', '80921', '100533', '181521', '3252557', '312892', '1', '19', '16-Feb', '24-Aug', 'Architecture', 'Russell', '3ccd0fc5b805e786d3fc87c282e78eba3e49f80d9e22348ffade978dfa326387', 'TRUE'),
('641284', 'Kellie', 'Villanueva', 'L6790', '80921', '641805', '248871', '3252557', '312892', '1', '6', '6-Jul', '25-May', 'Vendor Management', 'Villanueva', '7c316e3ca070d4ca16ebae3caa4f750d8e6a97bb77b0bbc7b4782a2a8fe44143', 'TRUE'),
('641286', 'Miley', 'Wade', 'L7393', '80921', '689123', '181521', '3252557', '312892', '1', '6', '17-Jul', '20-Jun', 'Data Warehouse', 'Wade', '3a054fe3f3ffd09135e7c89b306638edae1341ffe6f263c13b044f45825de391', 'TRUE'),
('641289', 'Abigayle', 'Dawson', 'L0285', '33801', '641627', '298971', '3252557', '312892', '1', '22', '1-Jun', '14-Jul', 'FXF Dock Solutions', 'Dawson', 'cf07de06980a9a3db2687710dc5d1a1fe58ef570bf153f45b6c7b93283057149', 'TRUE'),
('641291', 'Alfie-Jay', 'Clay', 'L4390', '80921', '100533', '181521', '3252557', '312892', '1', '37', '16-Jan', '22-Jun', 'Architecture', 'Clay', 'a13324423c08e6235195f796c6e96b4171b6ccad0879cc072d15f1f41f2f084f', 'TRUE'),
('641293', 'Clodagh', 'Bryant', 'L3082', '72601', '641311', '641199', '3252689', '312892', '1', '23', '16-Feb', '28-Feb', 'FXF Direct', 'Bryant', 'f7cfe68f8e6f7d1fb2684bdc0d188c663ea13008bec219bcb6eb8e3342bcea75', 'TRUE'),
('641298', 'Roshan', 'Molina', 'L0285', '38017', '641325', '181521', '3252557', '312892', '1', '7', '30-Oct', '8-Jun', 'DevSecOps', 'Molina', '4d419b51bdae1ba3d020a28f02976741cc89c188af0700682b9dd6ba4d5180dc', 'TRUE'),
('641299', 'Donell', 'Mejia', 'L0485', '80921', '181521', '181521', '3252557', '312892', '1', '21', '30-Mar', '4-Aug', 'Architecture', 'Mejia', '08fca5192c89b3089bb809ca6d7ba26077b1f247622f866fd852440a1e49f8b1', 'TRUE'),
('641308', 'Bogdan', 'Bates', 'L0285', '80921', '641805', '248871', '3252557', '312892', '1', '19', '9-Aug', '31-May', 'Vendor Management', 'Bates', '059aa32337c12a2432fdd0aa85348c5992f5f24858c17e186a0d4a3c846e6ced', 'TRUE'),
('641309', 'Kailum', 'Finney', 'L4090', '80921', '641729', '181521', '3252557', '312892', '1', '21', '10-Jul', '3-Aug', 'Technical Services', 'Finney', '9c969d1918d268ed1b14bd5fca42dae349996a2c19584e8f928f46cf5dc244f5', 'TRUE'),
('641311', 'Kier', 'Cohen', 'L2590', '80921', '641199', '641199', '3252689', '312892', '2', '2', '1-Sep', '2-Nov', 'FXF Direct', 'Cohen', '90e4514db330bb71a508152191611d8e126c167d36279e2f98a40eb44cf4f214', 'TRUE'),
('641312', 'Anisah', 'Chadwick', 'L8490', '72601', '426315', '641530', '3252557', '312892', '1', '18', '26-Jun', '23-Mar', 'Customer', 'Chadwick', '17b292f55a9d1d411c264d964fe681b339d00b2436566b022a9dd3bd70b68253', 'TRUE'),
('641313', 'Pearl', 'Nunez', 'L0285', '80921', '338590', '641530', '3252557', '312892', '1', '1', '6-Dec', '21-May', 'Customer', 'Nunez', 'ad875d3877d0309964137cb147f3c5719ebfa8dc73fa9debeb13b31d8c44bd75', 'TRUE'),
('641314', 'Kanye', 'Neville', 'L5698', '33801', '645235', '641530', '3252557', '312892', '1', '8', '4-Sep', '17-Oct', 'Legacy Systems', 'Neville', 'fb21ab273524afa8c88d522b827b7926bd17844461e205d32b4592100e239364', 'TRUE'),
('641315', 'Nico', 'Dunkley', 'L5698', '80921', '364670', '641530', '3252557', '312892', '1', '3', '1-Sep', '15-May', 'FXF Imaging', 'Dunkley', 'ce631a0cc3a7695ab0452b07a9a5d07f21343a44bfdaad8a975853fb4f6548a1', 'TRUE'),
('641316', 'Alyce', 'Jackson', 'L8590', '80921', '338590', '641530', '3252557', '312892', '1', '1', '23-Mar', '23-Jul', 'Customer', 'Jackson', '8df9a22d1adc173620a74c525d59b990da6fd54591a01045fbe9001060ba89b9', 'TRUE'),
('641317', 'Elowen', 'Allison', 'L4090', '80921', '689123', '181521', '3252557', '312892', '1', '21', '14-Feb', '9-Jul', 'Data Warehouse', 'Allison', 'ba4251d0a751f3ff888bda98596d46fdf942b97fd8f27058109537d11ba57a49', 'TRUE'),
('641318', 'Kira', 'Santos', 'L1385', '80921', '641729', '181521', '3252557', '312892', '1', '16', '29-Dec', '7-Feb', 'Technical Services', 'Santos', 'bc8d3618e449aa35a6a0d25014bac4974e756d1db5dff970bbcfd7502396e458', 'TRUE'),
('641319', 'Humza', 'Miles', 'L7393', '72601', '641325', '181521', '3252557', '312892', '1', '14', '1-Sep', '22-Aug', 'DevSecOps', 'Miles', '2953f026677f006a166243f1bd17428e0bf654858f2db58908391cd4500c53b1', 'TRUE'),
('641321', 'Kwabena', 'Gunn', 'L7393', '80921', '641729', '181521', '3252557', '312892', '1', '14', '27-Mar', '27-Jul', 'Technical Services', 'Gunn', 'aae3345a9f8c4577ecec8fc5d8ab5cfb9bb65565dad2606e5111a4b7ea23be5f', 'TRUE'),
('641322', 'Sanah', 'Mendoza', 'L8690', '80921', '641623', '181521', '3252557', '312892', '1', '24', '16-Nov', '26-Apr', 'Reliability and Environments', 'Mendoza', '31e2cb4c1402257090d35a5dacf52eb51434af95833d25130a8d2a8b27f916a3', 'TRUE'),
('641325', 'Britany', 'Webster', 'L2590', '80921', '181521', '181521', '3252557', '312892', '2', '27', '1-Sep', '15-Jun', 'DevSecOps', 'Webster', 'c37e86fe49392a484df7c1df18dad75354c717fb2a4241febcc5646119b7fd19', 'TRUE'),
('641326', 'Bertram', 'Haynes', 'L0285', '80921', '641805', '248871', '3252557', '312892', '1', '8', '2-Apr', '25-Dec', 'Vendor Management', 'Haynes', '8a5aae72e55a0a42ba20e7ebae8d4aa4b6d98ad6c8d7b297ea46a0b69a9b7119', 'TRUE'),
('641327', 'Kerri', 'Medina', 'L8690', '80921', '281327', '298971', '3252557', '312892', '1', '10', '1-Dec', '28-Jun', 'Decision Support', 'Medina', 'f48275a9ed15aa46bd31fc219199f8cd59d78de896847d3a712528c397742e17', 'TRUE'),
('641328', 'Brenden', 'Bowman', 'L7493', '80921', '100533', '181521', '3252557', '312892', '1', '8', '14-Jul', '9-Nov', 'Architecture', 'Bowman', 'ad9ecd018f1c4a96e8c887f8d4719b3454f9c712b0285e89c5b1cbe23cbfc19b', 'TRUE'),
('641329', 'Vivien', 'Amos', 'L0285', '80921', '641814', '298971', '3252557', '312892', '1', '8', '1-Jun', '14-Aug', 'FXF Dock Solutions', 'Amos', '37c059ad02a2ec9d68fe3517d030432f33c4e63656edc2ac7a6347585d551de0', 'TRUE'),
('641330', 'Kallum', 'Santana', 'L1190', '80921', '645235', '641530', '3252557', '312892', '1', '8', '1-Jul', '1-Sep', 'Legacy Systems', 'Santana', 'dff1b82d7293288520a509f3dcf553f2deee04d36c377ff1bb9c18a12dfdbe07', 'TRUE'),
('641333', 'Sumayya', 'Davenport', 'L0385', '72601', '641627', '298971', '3252557', '312892', '1', '19', '28-Aug', '26-Feb', 'FXF Dock Solutions', 'Davenport', '68c4e19cea2a7ffb9337cf44343d30cc18f63eb989be3817b50bdc3e09605387', 'TRUE'),
('641338', 'Lili', 'Ewing', 'L7090', '72601', '641723', '248871', '3252557', '312892', '1', '1', '9-Aug', '5-Aug', 'FXF Project Management Office', 'Ewing', '680e1e78b018d0bd74505aabb09fc6facdc01a93ef0b70bc85c2a1536703bec8', 'TRUE'),
('641477', 'Nasir', 'Jenkins', 'L0285', '72601', '426315', '641530', '3252557', '312892', '1', '14', '1-Apr', '2-Dec', 'Customer', 'Jenkins', '8d5105ca806328e04fb027aa45c526296aaf8ff16c766f0ec95044bc3b3bfe0d', 'TRUE'),
('641522', 'Ammaarah', 'Robson', 'L6790', '72601', '641623', '181521', '3252557', '312892', '1', '14', '18-Apr', '27-Nov', 'Reliability and Environments', 'Robson', '043eb80fb001e890c955ea8e3da50557be818c09c238a2453033be020658dec4', 'TRUE'),
('641530', 'Zaydan', 'Doherty', 'L1790', '38017', '3252557', '0', '3252557', '312892', '3', '8', '1-Jul', '9-Apr', 'FXF Revenue and Data', 'Doherty', 'd19da172eb82a5a12d1888a30f1f3ca7299a0168a54cb01fc46eb38bf6911b26', 'TRUE'),
('641607', 'Zoey', 'Sheppard', 'L1190', '80921', '641627', '298971', '3252557', '312892', '1', '7', '16-May', '27-Aug', 'FXF Dock Solutions', 'Sheppard', 'ff3cae48404c1bc910f02252d200933e86f5519434c733c8760f8f8f4f4e9b11', 'TRUE'),
('641609', 'Aman', 'Frank', 'L5598', '80921', '641687', '641530', '3252557', '312892', '1', '16', '8-Sep', '3-Mar', 'Shipping', 'Frank', '5141b2879f732ac19c0e4ab6a0d17cdf563de189ad096f704ab771054412b9d3', 'TRUE'),
('641611', 'Reggie', 'Coulson', 'L0285', '80921', '641135', '248871', '3252557', '312892', '1', '31', '21-May', '15-May', 'MF Retirement', 'Coulson', '4356b691eefd6a8eede90312d143e46a678de6d70af7f10b76d906cd2a66f770', 'TRUE'),
('641613', 'Raul', 'Dean', 'L0285', '80921', '641615', '248871', '3252557', '312892', '1', '25', '16-Sep', '12-Aug', 'Pricing and Rating Legacy', 'Dean', '704a579e4bb9ff016b8cc0d31f8303ec584bd5c8aab806bba0a38de7f8532c4f', 'TRUE'),
('641614', 'Karishma', 'Nicholls', 'L7493', '80921', '641729', '181521', '3252557', '312892', '1', '13', '29-Mar', '2-May', 'Technical Services', 'Nicholls', 'c0ebcef1cdb069aab5216ff1a2c71a03758bfd63e195193fbd41a333ca4fe09f', 'TRUE'),
('641615', 'Brenda', 'Conrad', 'L2590', '80921', '248871', '248871', '3252557', '312892', '2', '16', '4-Jun', '16-Apr', 'Pricing and Rating Legacy', 'Conrad', 'b669b9e91fc884503b561ea45d91787fd1a73131e711d3b012f1f52db2a47ccd', 'TRUE'),
('641617', 'Maddison', 'Andrews', 'L0485', '80921', '641623', '181521', '3252557', '312892', '1', '1', '18-Sep', '7-Dec', 'Reliability and Environments', 'Andrews', '17f28c29e94140aa732a03586a1f91974f0083554f887e62a87973c59e2897c7', 'TRUE'),
('641620', 'Iwan', 'Howarth', 'L0285', '80921', '641805', '248871', '3252557', '312892', '1', '16', '7-Jul', '19-Jul', 'Vendor Management', 'Howarth', 'c16c4fde39c13ca3c89c0056b206e6cae4950d3941e95e88e8b9f223e6c7583d', 'TRUE'),
('641621', 'Susie', 'Doherty', 'L8690', '72601', '641623', '181521', '3252557', '312892', '1', '15', '1-Dec', '1-Dec', 'Reliability and Environments', 'Doherty', '82fd98a9e2a64aef54ffe34465c678a7e79f477345f8609b59f517cdab0e6f9b', 'TRUE'),
('641623', 'Eryk', 'Summers', 'L2590', '80921', '181521', '181521', '3252557', '312892', '2', '20', '5-Jun', '26-Oct', 'Reliability and Environments', 'Summers', '369b508c40c8ed47a002db10bf168ab2b7c1b6f9a04a2673d7cb08169c3a83b3', 'TRUE'),
('641625', 'Jaya', 'Mcnamara', 'L5598', '72601', '364670', '641530', '3252557', '312892', '1', '13', '27-Dec', '20-Jul', 'FXF Imaging', 'Mcnamara', '28789a924b5685632d4d797f516e88ca1d704dc3b19020195fcb93013f0592d5', 'TRUE'),
('641627', 'Yuvraj', 'Rodriguez', 'L2590', '72601', '298971', '298971', '3252557', '312892', '2', '1', '17-Mar', '4-Feb', 'FXF Dock Solutions', 'Rodriguez', '749cf74da5daac1eb2e19564576486b506fe82b7079c6bbf9835af803d26200a', 'TRUE'),
('641628', 'Stephen', 'Hunt', 'L8690', '80921', '641615', '248871', '3252557', '312892', '1', '9', '12-Jan', '16-Oct', 'Pricing and Rating Legacy', 'Hunt', 'cfa29d51f124d47a31a542fcbf29c252c6b8e652fcd05a87bba7ea0e67b3548b', 'TRUE'),
('641633', 'April', 'Ventura', 'L0285', '80921', '281327', '298971', '3252557', '312892', '1', '2', '14-Jan', '21-Oct', 'Decision Support', 'Ventura', '6e97190211c818a3af44298eb4a086e3e216e7ef9d74b83f708bd71074c288ea', 'TRUE'),
('641636', 'Aiden', 'Parkinson', 'L8690', '80921', '641623', '181521', '3252557', '312892', '1', '16', '28-Mar', '18-Mar', 'Reliability and Environments', 'Parkinson', '6e9e8008a1a97c222564f5b5bcd3a095fbd14020f59fd6222125c41a47c55c85', 'TRUE'),
('641638', 'Marlie', 'Yoder', 'L5598', '72601', '426315', '641530', '3252557', '312892', '1', '12', '11-Sep', '31-May', 'Customer', 'Yoder', 'd78de1a1fc637fb85aad4002500b656b13b57712775d9f967ee7fa91ea75571d', 'TRUE'),
('641641', 'Aran', 'Mcdowell', 'L8690', '72601', '641623', '181521', '3252557', '312892', '1', '18', '22-May', '28-May', 'Reliability and Environments', 'Mcdowell', '4cf211e4004f7b2ba1cf4f1f558a2975dc3c5802459c16ae5472720185779b8b', 'TRUE'),
('641646', 'Inez', 'Delarosa', 'L7393', '80921', '641325', '181521', '3252557', '312892', '1', '20', '20-Mar', '14-May', 'DevSecOps', 'Delarosa', '68cd9827c5dbd6da67c24c7cd6e162f213b5eaa3d3cb84451ebf204199d14260', 'TRUE'),
('641649', 'Cally', 'Hatfield', 'L0285', '80921', '281327', '298971', '3252557', '312892', '1', '17', '1-Jun', '26-Dec', 'Decision Support', 'Hatfield', 'c1e50573366f848acfb6725c32b468dc439c49bed7e581264949ff74cf709776', 'TRUE'),
('641653', 'Derek', 'Macleod', 'L4090', '44685', '641729', '181521', '3252557', '312892', '1', '14', '1-Feb', '23-Jul', 'Technical Services', 'Macleod', 'c7d112438c4c808aef554294cd12ffdd7712329db29561218e2502ff960fe818', 'TRUE'),
('641658', 'Areeba', 'Lacey', 'L3190', '72601', '641530', '641530', '3252557', '312892', '1', '0', '24-May', '24-Dec', 'FXF Revenue and Data', 'Lacey', '37346c1c60cfba110e0ec867300f8d9d172be4f620f6a703e6bfb8a3480e08d2', 'TRUE'),
('641666', 'Elmer', 'Steadman', 'L5698', '33801', '641767', '641530', '3252557', '312892', '1', '8', '21-Jun', '30-Aug', 'Legacy Systems', 'Steadman', 'e26837666327f3c40ec1ed3eb83a9f2cddebfe0abb507a2d0099b450e456be77', 'TRUE'),
('641670', 'Merlin', 'Salinas', 'L7090', '75063', '641723', '248871', '3252557', '312892', '1', '13', '25-Jun', '27-Jan', 'FXF Project Management Office', 'Salinas', '7ebf7d4877cb94134954d60a615c5a9bdb6f9a450602273b6cc9438b7379ff4b', 'TRUE'),
('641675', 'Suzanna', 'Lim', 'L4390', '33801', '100533', '181521', '3252557', '312892', '1', '19', '1-Sep', '11-Mar', 'Architecture', 'Lim', 'da01396529eade4957672463d0d099c8f2fc3d4f44b1a04faa02b5dcf7294f92', 'TRUE'),
('641677', 'Abdul', 'Brewer', 'L5698', '33801', '641687', '641530', '3252557', '312892', '1', '20', '1-May', '15-May', 'Shipping', 'Brewer', 'b614456100e910ef6289aa9d09a425ff6762ed05fffbefa399a2be84e5c68f68', 'TRUE'),
('641684', 'Sacha', 'Calvert', 'L7090', '33801', '338590', '641530', '3252557', '312892', '1', '19', '1-Jul', '12-Dec', 'Customer', 'Calvert', 'd40438738497e30f091aca98a0c5b7be3ad55e81cc0c4cec3f418e4675aab414', 'TRUE'),
('641687', 'Tayyab', 'Britt', 'L2590', '33801', '641530', '641530', '3252557', '312892', '2', '19', '19-Jul', '13-Jul', 'Shipping', 'Britt', '143593f5044cee6e61790ee88c0bb8552720af93124e7f92f38a3d7fca6edc81', 'TRUE'),
('641689', 'Stuart', 'Norton', 'L0285', '33801', '641135', '248871', '3252557', '312892', '1', '10', '29-May', '20-Aug', 'MF Retirement', 'Norton', 'fe2b5ac8e1f94fc1a1eefa285282f802198d3ef97f021708ad158909146a73de', 'TRUE'),
('641693', 'Danyal', 'Farmer', 'L7090', '33801', '4489576', '0', '3252689', '312892', '1', '15', '16-Oct', '15-Jan', 'FedEx Freight Systems', 'Farmer', '2d0c136879c723552325ffcca7b9ffaf46830bd3bb37bb7960172ea938666817', 'TRUE'),
('641695', 'Kiefer', 'Craig', 'L5698', '33801', '364670', '641530', '3252557', '312892', '1', '12', '24-Jul', '16-Apr', 'FXF Imaging', 'Craig', '997425041a566a86abcb72d6d2411fd5f2d3ce70a2ea34c6f3060fefb1ff37ee', 'TRUE'),
('641700', 'Eleasha', 'Sandoval', 'L4185', '33801', '689123', '181521', '3252557', '312892', '1', '30', '25-Jun', '18-Aug', 'Data Warehouse', 'Sandoval', '0768cc03b1a3894c52157dcbc3c66b6ddfc0e240fd29056143aae0765ba41304', 'TRUE'),
('641707', 'Dominic', 'Kline', 'L4285', '33801', '641325', '181521', '3252557', '312892', '1', '13', '16-Aug', '30-Aug', 'DevSecOps', 'Kline', '1c57487c257fdbd715fc3e1d881e5419b7d7da7bbc7e5683b691d972c2acb8e0', 'TRUE'),
('641712', 'Monty', 'Mcarthur', 'L6790', '33801', '641805', '248871', '3252557', '312892', '1', '15', '23-Jul', '5-Feb', 'Vendor Management', 'Mcarthur', '20a9d2c75cf50ba918eaa97b1d8cae8e0a036757daba590b5c83fdacbd4d3709', 'TRUE'),
('641713', 'Adina', 'Draper', 'L6790', '33801', '689123', '181521', '3252557', '312892', '1', '12', '16-Jun', '3-May', 'Data Warehouse', 'Draper', '98172318790d0f9ac183a225e4f6661e2eddb50c5a5ceee6b3eca0dfb7052db4', 'TRUE'),
('641715', 'Subhan', 'Boyce', 'L3190', '33801', '641805', '248871', '3252557', '312892', '1', '8', '18-May', '4-Mar', 'Vendor Management', 'Boyce', 'dcaccba5147313efe1445693ac22735c7f1671961a7c9b70e72adc724d771b51', 'TRUE'),
('641716', 'Naya', 'Montes', 'L2590', '33801', '248871', '248871', '3252557', '312892', '2', '22', '13-Mar', '2-Feb', 'Pricing and Rating Modernization', 'Montes', '53cea2130c3b7abe7f8e8ffdc3f968b100b58e1a7a0453038a75d46525ebb8cc', 'TRUE'),
('641722', 'Darcey', 'Christian', 'L4390', '33801', '100533', '181521', '3252557', '312892', '1', '10', '24-Feb', '1-Mar', 'Architecture', 'Christian', '98f8cdbd7d03344b8017e47e7e43ffa49765f77fd1864ea254651d7e12645ec6', 'TRUE'),
('641723', 'Nadine', 'Chamberlain', 'L2590', '33801', '248871', '248871', '3252557', '312892', '2', '19', '16-May', '29-May', 'FXF Project Management Office', 'Chamberlain', '1d661aaf31c017cb6e21704607cb79dd0257c3a3e0755039ff29a786fdee4975', 'TRUE'),
('641729', 'Mai', 'Hawkins', 'L2590', '33801', '181521', '181521', '3252557', '312892', '2', '14', '23-Aug', '3-Nov', 'Technical Services', 'Hawkins', '97c5bb37c727c5889a28b6d0aebabb414bfc3f7a9c99bcd1becb88d958f7d6a9', 'TRUE'),
('641732', 'Hamid', 'Mackenzie', 'L4285', '47905', '641144', '298971', '3252557', '312892', '1', '19', '24-Apr', '20-Feb', 'FXF Ops Systems', 'Mackenzie', '275ff960980303e7fa815cb249676eb672fb0d450a9860aa6db75eb9a5112f76', 'TRUE'),
('641733', 'Devan', 'Spencer', 'L0285', '33801', '641716', '248871', '3252557', '312892', '1', '9', '15-Aug', '23-Aug', 'Pricing and Rating Modernization', 'Spencer', 'b71753151796b9a8db60c4886150799f9886269839f975e7bfa36d4255e72408', 'TRUE'),
('641734', 'Carter', 'Haines', 'L6790', '33801', '689123', '181521', '3252557', '312892', '1', '8', '7-Apr', '8-Jul', 'Data Warehouse', 'Haines', 'c09bb16171f36c2baab7900c1ec7cd28e7689c3401858c7fb47011ab0c96f454', 'TRUE'),
('641738', 'Shania', 'Kirby', 'L7393', '33801', '641729', '181521', '3252557', '312892', '1', '6', '16-Dec', '16-Jul', 'Technical Services', 'Kirby', 'abdc00d9060ae618cb773c1ac06c3834335ea96af02c3aa9aad82774c4d05690', 'TRUE'),
('641739', 'Howard', 'Eaton', 'L4390', '33801', '100533', '181521', '3252557', '312892', '1', '23', '1-Jul', '11-Jan', 'Architecture', 'Eaton', '4ef0752ab2f6df6f34fb5cfe1e78f520ca04fb5e3d1d8fff0e8859332a5ac744', 'TRUE'),
('641740', 'Ehsan', 'Devlin', 'L8590', '33801', '641627', '298971', '3252557', '312892', '1', '1', '6-Feb', '10-Aug', 'FXF Dock Solutions', 'Devlin', 'b7ce269bcf664ed3797377352173fb2847cb63801b9c4f206fbf4f7bad24b726', 'TRUE'),
('641743', 'Abubakar', 'Patrick', 'L7090', '33801', '641716', '248871', '3252557', '312892', '1', '8', '3-Sep', '21-Sep', 'Pricing and Rating Modernization', 'Patrick', 'a332933a5e3234bdd04afca3cb184c11a73977770c4750030d7e1acd9205e3c5', 'TRUE'),
('641747', 'Shane', 'Donald', 'L5598', '33801', '645235', '641530', '3252557', '312892', '1', '1', '10-Sep', '6-Mar', 'Legacy Systems', 'Donald', 'f8d75a68cdb3b5e7661cfcaa52f95bfe94b5aba51add55b0c7ccc2af196d28bf', 'TRUE'),
('641748', 'Lacie', 'Marks', 'L7090', '33801', '641723', '248871', '3252557', '312892', '1', '8', '1-Jun', '30-Dec', 'FXF Project Management Office', 'Marks', '0d403c51103df41c95131017fabc24eff1314b98c46662dc2466668d2bfe37bb', 'TRUE'),
('641750', 'Larissa', 'O\'Brien', 'L5890', '33801', '3252557', '0', '3252557', '312892', '1', '8', '8-Dec', '11-Apr', 'FXF IT Solutions', 'O\'Brien', 'fc66ab98776b15a35c5d2efb0fb68b3ca133bf0edd7ef9dc9f9ee6ca8c6d9ef8', 'TRUE'),
('641752', 'Suzannah', 'Cullen', 'L1190', '33801', '298908', '298971', '3252557', '312892', '1', '19', '15-Jul', '25-Sep', 'FXF Mobile Solutions', 'Cullen', 'b016a9cfca5a5c0074ed5827eaf083a379b7ab27c804aa3c79dc812e5dd87865', 'TRUE'),
('641754', 'Aron', 'Russo', 'L5698', '33801', '298908', '298971', '3252557', '312892', '1', '21', '1-Jan', '1-Apr', 'FXF Mobile Solutions', 'Russo', 'c5c667ada9a78c65b169f13abfb97618100a02dade359d52c5152123717ba32d', 'TRUE'),
('641755', 'Brennan', 'Valdez', 'L8790', '33801', '641623', '181521', '3252557', '312892', '1', '14', '3-Apr', '6-Dec', 'Reliability and Environments', 'Valdez', '7cdf0b0fc57303e909428a27552fdcf0f0884875407ceacc848342bcb87caf7a', 'TRUE'),
('641757', 'Tiarna', 'Andrade', 'L4185', '33801', '689123', '181521', '3252557', '312892', '1', '16', '21-Aug', '15-Jul', 'Data Warehouse', 'Andrade', '9838f393a133b643f95fae1d61074d75ff06607c9b556b221a702b21d8e52e4b', 'TRUE'),
('641762', 'Emilija', 'Blevins', 'L0385', '33801', '641805', '248871', '3252557', '312892', '1', '23', '21-Feb', '29-Aug', 'Vendor Management', 'Blevins', 'c1288ee0fad802cc86d5e6a12e2f31b53b72451f388b4ba0e5e43afdddc9d0e8', 'TRUE'),
('641763', 'Elisa', 'Easton', 'L8590', '72601', '641814', '298971', '3252557', '312892', '1', '3', '1-Aug', '2-Jul', 'FXF Dock Solutions', 'Easton', 'deb09f3333ae576efe62039a70c1517c58de5de5fa45379bca9d66c3a9a61e43', 'TRUE'),
('641767', 'Shauna', 'Rudd', 'L2590', '33801', '641530', '641530', '3252557', '312892', '2', '17', '5-Jan', '3-Feb', 'Legacy Systems', 'Rudd', 'd3d4340c730b68e43e8f3af4c8f7393916f0f16888d6ffa2a1bcd3becc9853af', 'TRUE'),
('641768', 'Riaan', 'Mcgee', 'L8990', '33801', '689123', '181521', '3252557', '312892', '1', '0', '30-Apr', '12-Dec', 'Data Warehouse', 'Mcgee', 'a7f7e2b1d1c9f93d7656553f7872cee974f13cf33647fa16254ea8b140f9ff7a', 'TRUE'),
('641770', 'Ruqayyah', 'Croft', 'L5790', '33801', '641723', '248871', '3252557', '312892', '1', '16', '16-Sep', '21-Dec', 'FXF Project Management Office', 'Croft', '2dbf5a686b44ea76c827f7d5720700235badd3ec89669a2d84e059dc89db0e84', 'TRUE'),
('641771', 'Liyah', 'Parkinson', 'L4090', '33801', '4489576', '0', '3252689', '312892', '1', '19', '19-Nov', '17-Aug', 'FedEx Freight Systems', 'Parkinson', '8226dda408b2dca13a00bf72915e1063d9dbda8d24c20ab0843aea17083fff88', 'TRUE'),
('641772', 'Danielius', 'Ferry', 'L5598', '33801', '298908', '298971', '3252557', '312892', '1', '5', '1-Dec', '6-Jun', 'FXF Mobile Solutions', 'Ferry', '1007a090366818f612bd99719c16c7e333dd1456fa3ac332cf525c4873acbea1', 'TRUE'),
('641773', 'Clement', 'Whittington', 'L5598', '33801', '426315', '641530', '3252557', '312892', '1', '3', '1-May', '4-Jun', 'Customer', 'Whittington', '891751dda7740e37ac9ada67328c1bf4f52be919d390aa90eac3d21873e9e5ca', 'TRUE'),
('641774', 'Zena', 'Robin', 'L8790', '33801', '641623', '181521', '3252557', '312892', '1', '14', '18-Apr', '13-Nov', 'Reliability and Environments', 'Robin', '97a26667c9aed668399b361c5f20528e850efdf84be9b8cc8e1b13d065c751b4', 'TRUE'),
('641778', 'Sian', 'Mac', 'L5698', '33801', '645235', '641530', '3252557', '312892', '1', '1', '29-Aug', '28-Jun', 'Legacy Systems', 'Mac', '690e3fa28b1c8496cfa0a99d20b54e5352330ff50a7af9c9a0ac5f045d9468be', 'TRUE'),
('641779', 'Jonathon', 'Crawford', 'L1291', '33801', '298971', '298971', '3252557', '312892', '1', '19', '18-Dec', '13-Sep', 'Tech Innovation', 'Crawford', '42469787164b1c92768adf7fb14f06ba7566afd99f5aedff45ddcb113bb5b265', 'TRUE'),
('641781', 'aye', 'Worthington', 'L4090', '33801', '641723', '248871', '3252557', '312892', '1', '13', '4-Mar', '11-Oct', 'FXF Project Management Office', 'Worthington', '55f36a1ff4ae596b501c880368f7642980a420a399e97fa2912baba4cf56bf5d', 'TRUE'),
('641783', 'Angus', 'Talbot', 'L8690', '33801', '641627', '298971', '3252557', '312892', '1', '19', '15-May', '22-Jan', 'FXF Dock Solutions', 'Talbot', '29273395bc1ac185a65268b1948b6fcdffa5593afd18a4f1a1e9b27e35cb5cf4', 'TRUE'),
('641785', 'Gus', 'Blankenship', 'L5598', '33801', '645235', '641530', '3252557', '312892', '1', '2', '16-Jun', '16-Apr', 'Legacy Systems', 'Blankenship', '8b4b31ba583989ff9f5b7e9c01d15b33df5c2eefbef0b7caa601291ffca91cce', 'TRUE'),
('641789', 'Jerome', 'Davie', 'L4090', '80921', '689123', '181521', '3252557', '312892', '1', '20', '30-Oct', '3-Sep', 'Data Warehouse', 'Davie', '60e0ce683f3a6f7d246647ccc639b40411378f9391087b4354471ceaddc6c6e0', 'TRUE'),
('641790', 'Gianni', 'Cherry', 'L5698', '80921', '281327', '298971', '3252557', '312892', '1', '14', '16-Oct', '1-Dec', 'Decision Support', 'Cherry', '4f0f6e5ae414c8c9a11f27f06d0c1a7a671693eb6a6a5e8edbbc5f65d87710bd', 'TRUE'),
('641805', 'Zephaniah', 'Feeney', 'L2590', '72601', '248871', '248871', '3252557', '312892', '2', '15', '8-Oct', '2-Jul', 'Vendor Management', 'Feeney', '9500a794872009f3e1e7357b9d97ed960cf6bfdcd28019f99add42e1ff2fa925', 'TRUE'),
('641809', 'Anas', 'Bain', 'L0385', '80921', '641615', '248871', '3252557', '312892', '1', '22', '1-Jun', '8-Jan', 'Pricing and Rating Legacy', 'Bain', '9a9a3abb8c6f6323eded23e3588e57fa0a143ee35a7c87a48bf371e5f71d4fa3', 'TRUE'),
('641811', 'Laurie', 'Mora', 'L0285', '80921', '641627', '298971', '3252557', '312892', '1', '14', '20-Oct', '19-Aug', 'FXF Dock Solutions', 'Mora', '765915d829ae97f6d15a77bf528b554e9925d4b8fd10fbb58182f218da45a348', 'TRUE'),
('641812', 'Christos', 'Friedman', 'L4285', '72601', '641144', '298971', '3252557', '312892', '1', '2', '9-Apr', '10-Jun', 'FXF Ops Systems', 'Friedman', '3af60f301a2ae34967ef01e10aa152108e08e918c12cf3e91e79fca809d0faa1', 'TRUE'),
('641814', 'Alistair', 'Mueller', 'L2590', '72601', '298971', '298971', '3252557', '312892', '2', '8', '1-Apr', '16-May', 'FXF Dock Solutions', 'Mueller', '08032cab72f2f299e63bda708631ec62e603ff7495b0119263f7fca7278799ee', 'TRUE'),
('641815', 'Hallie', 'Andrew', 'L7493', '80921', '641729', '181521', '3252557', '312892', '1', '14', '1-Aug', '7-Jul', 'Technical Services', 'Andrew', 'dd58263ce0675f1d08c2aa887b519fa1d54ad995a2e5494c5a4595c03ee368ea', 'TRUE'),
('641817', 'Adrian', 'Albert', 'L9881', '80921', '689123', '181521', '3252557', '312892', '1', '12', '13-Oct', '19-Sep', 'Data Warehouse', 'Albert', '8b7f521a23b88b5746e44d179e6f3d3f3809492bd58e3a61b5e1a42b87615807', 'TRUE'),
('641820', 'Kyle', 'Barker', 'L7493', '80921', '641729', '181521', '3252557', '312892', '1', '12', '24-May', '20-Aug', 'Technical Services', 'Barker', '02236e72a3b39505bb26fd10a35435d7860a20a6deb9050a48cbc03949a91621', 'TRUE'),
('641824', 'Umair', 'James', 'L0285', '72601', '641805', '248871', '3252557', '312892', '1', '17', '17-Apr', '17-Dec', 'Vendor Management', 'James', '5626bcfe217cc293260a8af5ddbc6fb6bfe068e77faf3877091d5d0c862ad5d8', 'TRUE'),
('641826', 'Yusha', 'Vega', 'L5698', '72601', '364670', '641530', '3252557', '312892', '1', '12', '1-Aug', '18-Mar', 'FXF Imaging', 'Vega', '195a5d540490a0b5da6f8a636d3f96a5689bc179864c4776c491b9ea065f4ec6', 'TRUE'),
('641832', 'Mercy', 'Sosa', 'L5698', '72601', '641814', '298971', '3252557', '312892', '1', '22', '30-Mar', '29-Oct', 'FXF Dock Solutions', 'Sosa', '46b040f13f68886631bfa145afc1cee6888d0b4b165a7a7acfcb88c8d84fe59c', 'TRUE'),
('641850', 'Isabella-Rose', 'Ibarra', 'L0285', '72601', '641615', '248871', '3252557', '312892', '1', '17', '13-Mar', '29-Apr', 'Pricing and Rating Legacy', 'Ibarra', '9d598bc9a5591e4aa351b16faa515934d09df0c80d1e3fc49ab663cb7d624173', 'TRUE'),
('641852', 'Sumaiyah', 'Mcdonald', 'L5598', '80921', '281327', '298971', '3252557', '312892', '1', '4', '1-Apr', '7-Jul', 'Decision Support', 'Mcdonald', '84e1609e7627742cb86530451906f4790e8e04e99280311ef9d15dceca8a5401', 'TRUE'),
('641853', 'Dario', 'Cassidy', 'L1990', '33801', '100533', '181521', '3252557', '312892', '1', '16', '17-Jun', '24-Nov', 'Architecture', 'Cassidy', 'fe43a212100304d7357eac339418787b823d091d7f2f44a17c2ea5332c588fba', 'TRUE'),
('641884', 'Mohamad', 'Webb', 'L0285', '72601', '641805', '248871', '3252557', '312892', '1', '16', '1-Jun', '21-Nov', 'Vendor Management', 'Webb', '46aa58344cb17a755959478d90214aafc1ea82d8afc5280b87715efef5c6cb3b', 'TRUE');
INSERT INTO `FedEx_Employees` (`e_id`, `f_name`, `l_name`, `job_code`, `zip_code`, `m_id`, `d_id`, `vp_id`, `svp_id`, `security_clearance`, `tenure`, `anniversary`, `birth_date`, `org_name`, `username`, `password`, `password_reset_required`) VALUES
('641886', 'Rosalind', 'Hilton', 'L0285', '33801', '641805', '248871', '3252557', '312892', '1', '15', '30-Jun', '21-Dec', 'Vendor Management', 'Hilton', '12ce884e256955ec0be4fc504baa53d18de6b5199ca6987b7a8946711c8f455c', 'TRUE'),
('641906', 'Lillie-Mae', 'Thornton', 'L9881', '80921', '689123', '181521', '3252557', '312892', '1', '17', '30-Aug', '25-May', 'Data Warehouse', 'Thornton', '75d6c1c1b377d3b3c0b43f4d41f3999b7223c5bc63818d9c0e02233eb1bba980', 'TRUE'),
('641911', 'Alexandra', 'Galloway', 'L6790', '80921', '641687', '641530', '3252557', '312892', '1', '13', '1-Jul', '15-Nov', 'Shipping', 'Galloway', '3d0986c4ed9059654b57a4a1d67b7c807c3ad2f13bfc04b661a16f6604566c27', 'TRUE'),
('641917', 'Lauren', 'Gamble', 'L7493', '80921', '689123', '181521', '3252557', '312892', '1', '15', '22-Sep', '26-May', 'Data Warehouse', 'Gamble', '35e95712f3503fa9e34ee2e1d45d45f86c7ee8628b09c464adb4b305aa8a5097', 'TRUE'),
('641919', 'Imani', 'Felix', 'L5598', '15108', '641687', '641530', '3252557', '312892', '1', '3', '5-Jan', '7-Jan', 'Shipping', 'Felix', '5890d15eb7c4402d10a70f258a4f273e7a407f7e9a3079b320ac88f159c54400', 'TRUE'),
('641922', 'Efan', 'Wilkinson', 'L7493', '33801', '641729', '181521', '3252557', '312892', '1', '14', '28-Oct', '2-Feb', 'Technical Services', 'Wilkinson', 'cfaf4ad35c2d15e0b096cd57abdc67f78f7fb8f93e3754607f3bcf464f974a56', 'TRUE'),
('641923', 'Aditi', 'Huynh', 'L1290', '33801', '298908', '298971', '3252557', '312892', '1', '16', '5-Feb', '20-Feb', 'FXF Mobile Solutions', 'Huynh', '05a50d1e9e5557536bcf213519b4160936a2398e7ce8a55760dbcd5c69ebb05a', 'TRUE'),
('642433', 'Izzie', 'Conroy', 'P1690', '33801', '181521', '181521', '3252557', '312892', '1', '13', '20-Mar', '10-Apr', 'Architecture', 'Conroy', 'fa6ccb764307523e6ee237a5b73bb83ccd2f5524ec8af8df38213f5b3acc37e5', 'TRUE'),
('643052', 'Danni', 'Maynard', 'L9781', '33801', '689123', '181521', '3252557', '312892', '1', '8', '23-Jan', '19-May', 'Data Warehouse', 'Maynard', 'd30af5e3be1b78bb7dd51ac795856ffe546d92733d14a114152e19c8b8f2ac04', 'TRUE'),
('645235', 'Jamie', 'Argos', 'L2590', '38017', '641530', '641530', '3252557', '312892', '2', '12', '24-Jan', '3-May', 'Legacy Systems', 'Argos', '999e8bd26c5b725abb09e680f7f0c9cf86ed8c846eed9ee9a60560470df95db7', 'TRUE'),
('645462', 'Brooklyn', 'Maguire', 'L5598', '72601', '426315', '641530', '3252557', '312892', '1', '12', '1-Jun', '26-Feb', 'Customer', 'Maguire', '79bfc82f89c7507fa5f48e94d2e987445bde334ef9105e2651147746498352aa', 'TRUE'),
('656748', 'Keegan', 'Maddox', 'L5698', '72601', '298908', '298971', '3252557', '312892', '1', '1', '1-Jul', '8-Oct', 'FXF Mobile Solutions', 'Maddox', 'dd9bd3dd3b8c47c0b4b208fb8b147e1d664ba457dd3337684085300dcfe5062b', 'TRUE'),
('689123', 'Joseph', 'Arcadia', 'L2590', '38120', '689123', '181521', '3252557', '312892', '2', '27', '1-Jul', '15-Dec', 'Data Warehouse', 'Arcadia', '71287dff1a6b545781417d35bc22ae107fd77a3b45742465f5af248327d338be', 'TRUE'),
('69094', 'Tyreke', 'Reeves', 'L7090', '38017', '4489576', '0', '3252689', '312892', '1', '15', '16-Jul', '29-Aug', 'FedEx Freight Systems', 'Reeves', '924f64e5ad0ab13cd80efeb20680dfce91575f32c5f0734e15485c49980e6a95', 'TRUE'),
('691122', 'Zayden', 'Rodriguez', 'L7493', '80921', '641623', '181521', '3252557', '312892', '1', '19', '12-Jun', '26-Jan', 'Reliability and Environments', 'Rodriguez', '7123a2fe8bcd92f0b1a1e8f45fd805ce4931014140025c2cf29e84a82f4c5b63', 'TRUE'),
('691740', 'Conrad', 'Sargent', 'L5698', '80921', '281327', '298971', '3252557', '312892', '1', '2', '5-Jun', '26-Jun', 'Decision Support', 'Sargent', '84d55e3f47b7fcae0d28054db7c5f0bd8afbccedd38c5ab541e054ddfd47f332', 'TRUE'),
('694852', 'Amalia', 'Ratcliffe', 'L5698', '98032', '298908', '298971', '3252557', '312892', '1', '2', '16-Jul', '23-Apr', 'FXF Mobile Solutions', 'Ratcliffe', '6cc323c58bac4673e07c4455a8ab3234c44edc498cf0f382e3da199ef48e0eb3', 'TRUE'),
('704164', 'Maurice', 'Greer', 'L5698', '80921', '641135', '248871', '3252557', '312892', '1', '23', '16-Jul', '12-Nov', 'MF Retirement', 'Greer', '7db0f4685f84a93e1bbc8b256633c304eaf653394c4fb897e52f7a37784fac43', 'TRUE'),
('707137', 'Savanna', 'Khan', 'L7190', '85043', '641723', '248871', '3252557', '312892', '1', '8', '24-Nov', '1-Aug', 'FXF Project Management Office', 'Khan', '910ad4232d9e72f8d3cb448f18a03df36fdc9ad4f61df301b3a933640452237a', 'TRUE'),
('707373', 'Nojus', 'Richmond', 'L6390', '38017', '248871', '248871', '3252557', '312892', '1', '23', '2-Jan', '16-Jul', 'FXF Sys Gov and QA', 'Richmond', '95f779f91e2629e366d5cfc43513a268f6f3463aff2361a4c19ef3cb17d6a3d0', 'TRUE'),
('707822', 'Malika', 'Preece', 'L0285', '33801', '641627', '298971', '3252557', '312892', '1', '21', '7-Aug', '20-Oct', 'FXF Dock Solutions', 'Preece', 'fa91c07e1674d23702d9fc41381a83cc020979e442b30667d6a374fab023ade5', 'TRUE'),
('707831', 'Ronny', 'Michael', 'L5698', '72601', '641311', '641199', '3252689', '312892', '1', '8', '3-Sep', '25-Feb', 'FXF Direct', 'Michael', '049493eac1ee00b84d773801b505829f07c34e0edf17da284f6e7ff880205ced', 'TRUE'),
('707942', 'Alyssa', 'Glenn', 'L7393', '80921', '689123', '181521', '3252557', '312892', '1', '4', '16-Feb', '24-Aug', 'Data Warehouse', 'Glenn', 'eda6e937f3dd753288b626cfd7c0bd69967eb1914721746d176340ed2ba3f082', 'TRUE'),
('708140', 'Khadijah', 'Moses', 'L8490', '80921', '338590', '641530', '3252557', '312892', '1', '29', '31-Mar', '25-Apr', 'Customer', 'Moses', '65261078d3f439ad491d57d24d2c307513796027592ecc6b8b09ff5170c503b7', 'TRUE'),
('710371', 'Tyra', 'Hubbard', 'L0285', '33801', '641627', '298971', '3252557', '312892', '1', '7', '6-Nov', '30-Jan', 'FXF Dock Solutions', 'Hubbard', '25136f403e7ce65654c47571a940549823bcc0987d83a10c80098f13c1855359', 'TRUE'),
('714763', 'Joni', 'Hurst', 'L1585', '72601', '641814', '298971', '3252557', '312892', '1', '19', '1-Mar', '1-Jun', 'FXF Dock Solutions', 'Hurst', 'c4f1420af911c4f5b6e9fbbad975c16828753888caf578161c644a5525005adb', 'TRUE'),
('718846', 'Sufyaan', 'Monroe', 'L5698', '80921', '645235', '641530', '3252557', '312892', '1', '16', '27-Jun', '29-Jun', 'Legacy Systems', 'Monroe', '7608c9a076bfc9e28859ad2963411de79fd89688c41228d951cf21a6281e299f', 'TRUE'),
('721051', 'Lynn', 'Witt', 'L7190', '80921', '641723', '248871', '3252557', '312892', '1', '8', '1-Nov', '30-Dec', 'FXF Project Management Office', 'Witt', '8a116b219fc6e0c3f7f74ccbbed63bd62a3cf019c2fbc0fbdb148f1f2292e1f0', 'TRUE'),
('724287', 'Lilli', 'Graham', 'L5598', '38120', '281327', '298971', '3252557', '312892', '1', '7', '19-Jun', '23-Nov', 'Decision Support', 'Graham', '91110392e5afe1ca6973b7352e55ef1d1a983f3e87109220ff0aa29b7b01bb83', 'TRUE'),
('724702', 'Federico', 'Lord', 'L7090', '80921', '641135', '248871', '3252557', '312892', '1', '29', '1-Dec', '28-Aug', 'MF Retirement', 'Lord', '8bd351a3f128991a58413afe163603ecbf34494ec6d1f789b445e94b9d887f45', 'TRUE'),
('725412', 'Ranveer', 'Little', 'L0285', '80921', '641814', '298971', '3252557', '312892', '1', '20', '15-Dec', '6-Feb', 'FXF Dock Solutions', 'Little', '67dd68d635d80fbb24fb0ad7c34e5bd3af1ed0ea342da4f616d34b9da0017d8c', 'TRUE'),
('728371', 'Esther', 'Hibbert', 'L1485', '72601', '426315', '641530', '3252557', '312892', '1', '1', '5-Jun', '8-Jul', 'Customer', 'Hibbert', '225cde8895d8dec6996bf2c73aea1c4280dc90c87577475371607ba6894cfc19', 'TRUE'),
('731489', 'Umar', 'Crosby', 'L0285', '67209', '641767', '641530', '3252557', '312892', '1', '16', '16-Jun', '25-Mar', 'Legacy Systems', 'Crosby', '6f44cb95056fabdf06cc848dc95284000b79ed740d19c8ee70e2598d1731db91', 'TRUE'),
('735015', 'Danniella', 'Heaton', 'L8590', '72601', '426315', '641530', '3252557', '312892', '1', '19', '20-Aug', '29-Jun', 'Customer', 'Heaton', 'ac43c45e76c8f635df7aaacfc45c55756499605578af4bc7c7de7bb317a51355', 'TRUE'),
('736279', 'Ayaz', 'Stott', 'L7493', '80921', '100533', '181521', '3252557', '312892', '1', '15', '2-Oct', '19-Jun', 'Architecture', 'Stott', '5249ee06c353b23c878d76ccc96dd32a6fc787228af23e437d477a71b5d8bc63', 'TRUE'),
('753405', 'Wilfred', 'Mack', 'L5598', '80921', '281327', '298971', '3252557', '312892', '1', '15', '17-Feb', '22-Sep', 'Decision Support', 'Mack', '91d7c8c806e163969082a6b90ebbdc1f970a5458124350fb0bfb5cda4abdeacb', 'TRUE'),
('754057', 'Sophie-Louise', 'Buxton', 'L5598', '33801', '298908', '298971', '3252557', '312892', '1', '29', '4-Jan', '20-Mar', 'FXF Mobile Solutions', 'Buxton', '9d40a5d093606f4943942cc9eaec5aca709b0e6623ff7bbb9645d2ba3b9742d2', 'TRUE'),
('754531', 'Kyra', 'Bryan', 'L7393', '33801', '641325', '181521', '3252557', '312892', '1', '17', '9-Jan', '6-Mar', 'DevSecOps', 'Bryan', '021c2ae379356874fb8230a3b47171eba06d0a124e2ecd19a773ec359fa0f219', 'TRUE'),
('755246', 'Tamzin', 'Buchanan', 'L4298', '72601', '641148', '0', '3252689', '312892', '1', '24', '16-Apr', '19-Jan', 'Research and Development', 'Buchanan', '4046b0839828ab78632f50a15f0f626d41b188beb5e32760455e3c02498bd770', 'TRUE'),
('756891', 'Nathan', 'Purvis', 'L0285', '72601', '641805', '248871', '3252557', '312892', '1', '10', '1-Jun', '17-Jun', 'Vendor Management', 'Purvis', 'fed2da95abaf9dfc3d1a1ecb4348458b45cb5ddbf9baa87d2e6064e0660b580c', 'TRUE'),
('757362', 'Aj', 'Burgess', 'L0285', '33801', '641805', '248871', '3252557', '312892', '1', '14', '10-Jan', '26-Jul', 'Vendor Management', 'Burgess', '59f12ed99586ad94fa5475d7b33cdb24a4f1816b68c9098cbc8a2fdd6ee8ba58', 'TRUE'),
('757442', 'Georgiana', 'Allman', 'L3490', '33801', '689123', '181521', '3252557', '312892', '1', '15', '3-Mar', '23-Apr', 'Data Warehouse', 'Allman', 'a3cac9d98952d65825b668305cb55474bab9de16508d97346daca431627a4c03', 'TRUE'),
('757669', 'Natalia', 'Ball', 'L0285', '72601', '641805', '248871', '3252557', '312892', '1', '28', '1-Feb', '17-Dec', 'Vendor Management', 'Ball', 'fa9cdd7460c412fd046b3e85b4c3638d7343e5df868b1f8cf6e4b2e57639d0db', 'TRUE'),
('760301', 'Tristan', 'Clemons', 'L4690', '72601', '364670', '641530', '3252557', '312892', '1', '9', '28-Aug', '9-Oct', 'FXF Imaging', 'Clemons', 'aeaa347465b8f93b2e94a8befe428917d2f44477dc6b3564d731e4599e0f7ec9', 'TRUE'),
('774965', 'Lucia', 'May', 'L0285', '78238', '641627', '298971', '3252557', '312892', '1', '10', '1-Dec', '13-Jan', 'FXF Dock Solutions', 'May', 'a3568a8754d590f3a52564fdd8f5f0e4c815ae176847573e401ea92d2572653e', 'TRUE'),
('798683', 'Taya', 'Randolph', 'L5698', '33801', '641687', '641530', '3252557', '312892', '1', '14', '12-Feb', '20-Mar', 'Shipping', 'Randolph', '811a89ff7326610ac29ebdd1a0ddb7b152f752ab247ff26d40aa8ff07d09fd65', 'TRUE'),
('815205', 'Lily-Anne', 'Seymour', 'L9581', '72601', '689123', '181521', '3252557', '312892', '1', '13', '4-Jun', '5-Oct', 'Data Warehouse', 'Seymour', '8a3c137f9f252b9f2d234ae69d8adcb6c365e4495382bbad2a593fb39d07d89a', 'TRUE'),
('839430', 'Azaan', 'Burt', 'L4298', '72601', '338590', '641530', '3252557', '312892', '1', '15', '1-Oct', '13-Sep', 'Customer', 'Burt', 'd5e01bc80ab4d1b27e67bf576941642a19764da7af45136bf01b70b10248e2ca', 'TRUE');

--
-- Table structure for table `FedEx_Jobs`
--

CREATE TABLE `FedEx_Jobs` (
  `job_code` varchar(10) NOT NULL,
  `job_title` varchar(100) DEFAULT NULL,
  `job_type` varchar(50) DEFAULT NULL,
  `pay_band` varchar(10) DEFAULT NULL
) ENGINE=InnoDB DEFAULT CHARSET=utf8mb4 COLLATE=utf8mb4_general_ci;

INSERT INTO `FedEx_Jobs` (`job_code`, `job_title`, `job_type`, `pay_band`) VALUES
('L0085', 'Software Developer I', 'Exempt', 'TI'),
('L0185', 'Software Developer II', 'Exempt', 'TJ'),
('L0285', 'Software Developer III', 'Exempt', 'TK'),
('L0385', 'Software Developer Advisor', 'Exempt', 'TL'),
('L0485', 'Software Engineering Principal', 'Exempt', 'TM'),
('L1190', 'Business Applications Advisor', 'Exempt', 'TL'),
('L1290', 'Business Applications Analyst', 'Exempt', 'TJ'),
('L1291', 'Technical Principal', 'Exempt', 'TM'),
('L1385', 'Scrum Master II', 'Exempt', 'TJ'),
('L1392', 'Technical Director', 'Exempt', 'T4'),
('L1485', 'Scrum Master III', 'Exempt', 'TK'),
('L1585', 'Scrum Master Advisor', 'Exempt', 'TL'),
('L1790', 'Director IT', 'Management', 'T4'),
('L1990', 'Solutions Architect', 'Exempt', 'TL'),
('L2590', 'Manager IT', 'Management', 'T2'),
('L2782', 'Project Management Analyst', 'Exempt', 'TJ'),
('L2890', 'Project/Process Analyst', 'Exempt', 'TJ'),
('L2894', 'Project Management Advisor', 'Exempt', 'TL'),
('L2998', 'Domain Architect', 'Exempt', 'TM'),
('L3082', 'Program Management Advisor', 'Exempt', 'TL'),
('L3190', 'Sr. Business Application Analyst', 'Exempt', 'TK'),
('L3490', 'Sr. Engineering Specialist', 'Exempt', 'TK'),
('L4085', 'Systems Administrator', 'Exempt', 'TJ'),
('L4090', 'Sr. Project/Process Analyst', 'Exempt', 'TK'),
('L4185', 'Sr. Systems Administrator', 'Exempt', 'TK'),
('L4198', 'Full Stack Developer I', 'Exempt', 'TI'),
('L4285', 'Systems Administrator Advisor', 'Exempt', 'TL'),
('L4298', 'Full Stack Developer II', 'Exempt', 'TJ'),
('L4390', 'Sr. Solutions Architect', 'Exempt', 'TM'),
('L4690', 'Sr. Technical Analyst', 'Exempt', 'TK'),
('L5290', 'Sr. Vice President Admin', 'Exempt', 'TE'),
('L5590', 'Systems Programmer', 'Exempt', 'TJ'),
('L5598', 'Full Stack Developer III', 'Exempt', 'TK'),
('L5698', 'Full Stack Developer Advisor', 'Exempt', 'TL'),
('L5790', 'Technical Analyst', 'Exempt', 'TJ'),
('L5890', 'Technical Fellow', 'Exempt', 'TN'),
('L6290', 'Vice President IT', 'Management', 'T5'),
('L6390', 'Business Applications Principal', 'Exempt', 'TM'),
('L6790', 'Technical Advisor', 'Exempt', 'TL'),
('L7090', 'Project/Process Advisor', 'Exempt', 'TL'),
('L7093', 'Software Engineer I', 'Exempt', 'TI'),
('L7190', 'Project Management Principal', 'Exempt', 'TM'),
('L7293', 'Software Engineer II', 'Exempt', 'TJ'),
('L7393', 'Software Engineer III', 'Exempt', 'TK'),
('L7493', 'Software Engineer Advisor', 'Exempt', 'TL'),
('L8190', 'Associate Programmer Analyst', 'Exempt', 'TI'),
('L8490', 'Technical Quality Specialist', 'Exempt', 'TJ'),
('L8590', 'Sr. Technical Quality Specialist', 'Exempt', 'TK'),
('L8690', 'Technical Quality Advisor', 'Exempt', 'TL'),
('L8790', 'Quality Architect Principal', 'Exempt', 'TM'),
('L8985', 'Data Architect', 'Exempt', 'TL'),
('L8990', 'DBA Principal', 'Exempt', 'TM'),
('L9199', 'Release Train Engineer', 'Exempt', 'TL'),
('L9581', 'Associate Data Analyst', 'Exempt', 'TI'),
('L9781', 'Sr. Data Analyst', 'Exempt', 'TK'),
('L9881', 'Data Analyst Advisor', 'Exempt', 'TL'),
('P1690', 'Director Administrative Assist', 'Support Hourly', 'DC'),
('Z9999', 'SVP', 'Management', 'T6');

--
-- Table structure for table `FedEx_Leadership`
--

CREATE TABLE `FedEx_Leadership` (
  `e_id` varchar(20) NOT NULL,
  `f_name` varchar(50) DEFAULT NULL,
  `l_name` varchar(50) DEFAULT NULL,
  `job_title` varchar(100) DEFAULT NULL
) ENGINE=InnoDB DEFAULT CHARSET=utf8mb4 COLLATE=utf8mb4_general_ci;

INSERT INTO `FedEx_Leadership` (`e_id`, `f_name`, `l_name`, `job_title`) VALUES
('100533', 'Ammar', 'Dickson', 'Manager IT'),
('181521', 'Jacob', 'Sims', 'Director IT'),
('248871', 'Zayaan', 'Estrada', 'Director IT'),
('281327', 'Hafsah', 'Townsend', 'Manager IT'),
('298908', 'Libbi', 'Wooten', 'Manager IT'),
('298971', 'Maison', 'Whittaker', 'Director IT'),
('312892', 'George', 'Jones', 'SVP'),
('3252557', 'Anna', 'Macleod', 'Vice President IT'),
('3252689', 'Alex', 'Ricardo', 'Vice President IT'),
('338590', 'Nancie', 'Kidd', 'Manager IT'),
('364670', 'Samad', 'Curtis', 'Manager IT'),
('426315', 'Tyra', 'Bray', 'Manager IT'),
('4489576', 'Aneeka', 'Spencer', 'Manager IT'),
('641135', 'Blane', 'Cowan', 'Manager IT'),
('641144', 'Gianluca', 'Jacobson', 'Manager IT'),
('641148', 'Chaim', 'Whittington', 'Manager IT'),
('641199', 'Boyd', 'Hahn', 'Director IT'),
('641311', 'Kier', 'Cohen', 'Manager IT'),
('641325', 'Britany', 'Webster', 'Manager IT'),
('641530', 'Zaydan', 'Doherty', 'Director IT'),
('641615', 'Brenda', 'Conrad', 'Manager IT'),
('641623', 'Eryk', 'Summers', 'Manager IT'),
('641627', 'Yuvraj', 'Rodriguez', 'Manager IT'),
('641687', 'Tayyab', 'Britt', 'Manager IT'),
('641716', 'Naya', 'Montes', 'Manager IT'),
('641723', 'Nadine', 'Chamberlain', 'Manager IT'),
('641729', 'Mai', 'Hawkins', 'Manager IT'),
('641767', 'Shauna', 'Rudd', 'Manager IT'),
('641805', 'Zephaniah', 'Feeney', 'Manager IT'),
('641814', 'Alistair', 'Mueller', 'Manager IT'),
('645235', 'Jamie', 'Argos', 'Manager IT'),
('689123', 'Joseph', 'Arcadia', 'Manager IT');

--
-- Table structure for table `FedEx_Locations`
--

CREATE TABLE `FedEx_Locations` (
  `zip_code` varchar(10) NOT NULL,
  `city` varchar(50) DEFAULT NULL,
  `state` varchar(10) DEFAULT NULL
) ENGINE=InnoDB DEFAULT CHARSET=utf8mb4 COLLATE=utf8mb4_general_ci;

INSERT INTO `FedEx_Locations` (`zip_code`, `city`, `state`) VALUES
('15108', 'Coraopolis', 'PA'),
('33801', 'Lakeland', 'FL'),
('38017', 'Collierville', 'TN'),
('38120', 'Memphis', 'TN'),
('44685', 'Uniontown', 'OH'),
('47905', 'Lafayette', 'IN'),
('63077', 'St. Clair', 'MO'),
('66111', 'Edwardsville', 'KS'),
('67209', 'Wichita', 'KS'),
('72601', 'Harrison', 'AR'),
('75063', 'Irving', 'TX'),
('78238', 'San Antonio', 'TX'),
('80921', 'Colorado Springs', 'CO'),
('85043', 'Phoenix', 'AZ'),
('95054', 'Santa Clara', 'CA'),
('98032', 'Kent', 'WA');

--
-- Table structure for table `FedEx_Security_Clearance`
--

CREATE TABLE `FedEx_Security_Clearance` (
  `role_id` varchar(10) NOT NULL,
  `role_name` varchar(50) DEFAULT NULL,
  `can_view_self` varchar(10) DEFAULT '0',
  `can_view_employees` varchar(10) DEFAULT '0',
  `can_view_managers` varchar(10) DEFAULT '0',
  `can_view_directors` varchar(10) DEFAULT '0',
  `can_view_vps` varchar(10) DEFAULT '0',
  `can_view_all` varchar(10) DEFAULT '0',
  `can_archive` varchar(10) DEFAULT '0'
) ENGINE=InnoDB DEFAULT CHARSET=utf8mb4 COLLATE=utf8mb4_general_ci;

INSERT INTO `FedEx_Security_Clearance` (`role_id`, `role_name`, `can_view_self`, `can_view_employees`, `can_view_managers`, `can_view_directors`, `can_view_vps`, `can_view_all`, `can_archive`) VALUES
('1', 'Employee', '1', '0', '0', '0', '0', '0', '0'),
('2', 'Manager', '1', '1', '0', '0', '0', '0', '0'),
('3', 'Director', '1', '1', '1', '0', '0', '0', '0'),
('4', 'VP', '1', '1', '1', '1', '0', '0', '0'),
('5', 'SVP', '1', '1', '1', '1', '1', '1', '0'),
('6', 'System Admin', '1', '1', '1', '1', '1', '1', '1');

--
-- Table structure for table `FedEx_Workforce`
--

CREATE TABLE `FedEx_Workforce` (
  `e_id` varchar(7) DEFAULT NULL,
  `f_name` varchar(13) DEFAULT NULL,
  `l_name` varchar(11) DEFAULT NULL,
  `job_code` varchar(5) DEFAULT NULL,
  `job_title` varchar(32) DEFAULT NULL,
  `job_type` varchar(14) DEFAULT NULL,
  `pay_band` varchar(2) DEFAULT NULL,
  `tenure` varchar(2) DEFAULT NULL,
  `anniversary` varchar(6) DEFAULT NULL,
  `birth_date` varchar(6) DEFAULT NULL,
  `org_name` varchar(32) DEFAULT NULL,
  `city` varchar(16) DEFAULT NULL,
  `zip_code` varchar(5) DEFAULT NULL,
  `state` varchar(2) DEFAULT NULL,
  `manager` varchar(18) DEFAULT NULL,
  `m_id` varchar(7) DEFAULT NULL,
  `director` varchar(16) DEFAULT NULL,
  `d_id` varchar(6) DEFAULT NULL,
  `vp` varchar(12) DEFAULT NULL,
  `vp_id` varchar(7) DEFAULT NULL,
  `svp` varchar(12) DEFAULT NULL,
  `svp_id` varchar(6) DEFAULT NULL
) ENGINE=InnoDB DEFAULT CHARSET=utf8mb3 COLLATE=utf8mb3_general_ci;

INSERT INTO `FedEx_Workforce` (`e_id`, `f_name`, `l_name`, `job_code`, `job_title`, `job_type`, `pay_band`, `tenure`, `anniversary`, `birth_date`, `org_name`, `city`, `zip_code`, `state`, `manager`, `m_id`, `director`, `d_id`, `vp`, `vp_id`, `svp`, `svp_id`) VALUES
('3252557', 'Anna', 'Macleod', 'L6290', 'Vice President IT', 'Management', 'T5', '21', '26-Jul', '22-Apr', 'FXF IT Solutions', 'Memphis', '38120', 'TN', 'George Jones', '312892', '', '0', '', '0', 'George Jones', '312892'),
('3252689', 'Alex', 'Ricardo', 'L6290', 'Vice President IT', 'Management', 'T5', '35', '26-Jul', '22-Apr', 'FXF IT Solutions', 'Memphis', '38120', 'TN', 'George Jones', '312892', '', '0', '', '0', 'George Jones', '312892'),
('641199', 'Boyd', 'Hahn', 'L1790', 'Director IT', 'Management', 'T4', '3', '14-Apr', '7-Jun', 'FedEx Freight Systems', 'Colorado Springs', '80921', 'CO', 'George Jones', '312892', '', '0', 'Alex Ricardo', '3252689', 'George Jones', '312892'),
('641136', 'Charles', 'Pickett', 'L5698', 'Full Stack Developer Advisor', 'Exempt', 'TL', '22', '11-Apr', '1-Jun', 'Research and Development', 'Harrison', '72601', 'AR', 'Chaim Whittington', '641148', '', '0', 'Alex Ricardo', '3252689', 'George Jones', '312892'),
('755246', 'Tamzin', 'Buchanan', 'L4298', 'Full Stack Developer II', 'Exempt', 'TJ', '24', '16-Apr', '19-Jan', 'Research and Development', 'Harrison', '72601', 'AR', 'Chaim Whittington', '641148', '', '0', 'Alex Ricardo', '3252689', 'George Jones', '312892'),
('641148', 'Chaim', 'Whittington', 'L2590', 'Manager IT', 'Management', 'T2', '22', '1-Jun', '30-Apr', 'Research and Development', 'Harrison', '72601', 'AR', 'George Jones', '312892', '', '0', 'Alex Ricardo', '3252689', 'George Jones', '312892'),
('4489576', 'Aneeka', 'Spencer', 'L2590', 'Manager IT', 'Management', 'T2', '22', '9-Mar', '13-May', 'FedEx Freight Systems', 'Memphis', '38120', 'TN', 'George Jones', '312892', '', '0', 'Alex Ricardo', '3252689', 'George Jones', '312892'),
('4488957', 'Hajra', 'Wilkes', 'L7090', 'Project/Process Advisor', 'Exempt', 'TL', '2', '14-Feb', '14-Nov', 'FedEx Freight Systems', 'Colorado Springs', '80921', 'CO', 'Aneeka Spencer', '4489576', '', '0', 'Alex Ricardo', '3252689', 'George Jones', '312892'),
('641693', 'Danyal', 'Farmer', 'L7090', 'Project/Process Advisor', 'Exempt', 'TL', '15', '16-Oct', '15-Jan', 'FedEx Freight Systems', 'Lakeland', '33801', 'FL', 'Aneeka Spencer', '4489576', '', '0', 'Alex Ricardo', '3252689', 'George Jones', '312892'),
('69094', 'Tyreke', 'Reeves', 'L7090', 'Project/Process Advisor', 'Exempt', 'TL', '15', '16-Jul', '29-Aug', 'FedEx Freight Systems', 'Collierville', '38017', 'TN', 'Aneeka Spencer', '4489576', '', '0', 'Alex Ricardo', '3252689', 'George Jones', '312892'),
('641771', 'Liyah', 'Parkinson', 'L4090', 'Sr. Project/Process Analyst', 'Exempt', 'TK', '19', '19-Nov', '17-Aug', 'FedEx Freight Systems', 'Lakeland', '33801', 'FL', 'Aneeka Spencer', '4489576', '', '0', 'Alex Ricardo', '3252689', 'George Jones', '312892'),
('18729', 'Gabriella', 'Torres', 'L5290', 'Sr. Vice President Admin', 'Exempt', 'TE', '14', '9-Oct', '1-Sep', 'FedEx Freight Systems', 'Memphis', '38120', 'TN', 'George Jones', '312892', '', '0', 'Alex Ricardo', '3252689', 'George Jones', '312892'),
('266495', 'Madeleine', 'Ballard', 'L1392', 'Technical Director', 'Exempt', 'T4', '14', '3-Jan', '17-Dec', 'FedEx Freight Systems', 'Memphis', '38120', 'TN', 'George Jones', '312892', '', '0', 'Alex Ricardo', '3252689', 'George Jones', '312892'),
('641147', 'Heena', 'Jeffery', 'L1291', 'Technical Principal', 'Exempt', 'TM', '19', '16-Dec', '9-Sep', 'Research and Development', 'Harrison', '72601', 'AR', 'Chaim Whittington', '641148', '', '0', 'Alex Ricardo', '3252689', 'George Jones', '312892'),
('181521', 'Jacob', 'Sims', 'L1790', 'Director IT', 'Management', 'T4', '14', '27-Nov', '9-Jul', 'Architecture', 'Lakeland', '33801', 'FL', 'Anna Macleod', '3252557', '', '0', 'Anna Macleod', '3252557', 'George Jones', '312892'),
('641530', 'Zaydan', 'Doherty', 'L1790', 'Director IT', 'Management', 'T4', '8', '1-Jul', '9-Apr', 'FXF Revenue and Data', 'Collierville', '38017', 'TN', 'Anna Macleod', '3252557', '', '0', 'Anna Macleod', '3252557', 'George Jones', '312892'),
('298971', 'Maison', 'Whittaker', 'L1790', 'Director IT', 'Management', 'T4', '0', '1-Dec', '19-Mar', 'FXF Services', 'Collierville', '38017', 'TN', 'Anna Macleod', '3252557', '', '0', 'Anna Macleod', '3252557', 'George Jones', '312892'),
('248871', 'Zayaan', 'Estrada', 'L1790', 'Director IT', 'Management', 'T4', '25', '1-May', '9-Jun', 'FXF Sys Gov and QA', 'Collierville', '38017', 'TN', 'Anna Macleod', '3252557', '', '0', 'Anna Macleod', '3252557', 'George Jones', '312892'),
('641750', 'Larissa', 'O\'Brien', 'L5890', 'Technical Fellow', 'Exempt', 'TN', '8', '8-Dec', '11-Apr', 'FXF IT Solutions', 'Lakeland', '33801', 'FL', 'Anna Macleod', '3252557', '', '0', 'Anna Macleod', '3252557', 'George Jones', '312892'),
('3228892', 'Jorge', 'Stark', 'L8190', 'Associate Programmer Analyst', 'Exempt', 'TI', '21', '16-Jul', '30-Aug', 'FXF Direct', 'Harrison', '72601', 'AR', 'Kier Cohen', '641311', 'Boyd Hahn', '641199', 'Alex Ricardo', '3252689', 'George Jones', '312892'),
('641200', 'Maurice', 'Hayden', 'P1690', 'Director Administrative Assist', 'Support Hourly', 'DC', '3', '1-Jul', '9-Sep', 'FedEx Freight Systems', 'Colorado Springs', '80921', 'CO', 'Boyd Hahn', '641199', 'Boyd Hahn', '641199', 'Alex Ricardo', '3252689', 'George Jones', '312892'),
('707831', 'Ronny', 'Michael', 'L5698', 'Full Stack Developer Advisor', 'Exempt', 'TL', '8', '3-Sep', '25-Feb', 'FXF Direct', 'Harrison', '72601', 'AR', 'Kier Cohen', '641311', 'Boyd Hahn', '641199', 'Alex Ricardo', '3252689', 'George Jones', '312892'),
('4326904', 'Kian', 'Caldwell', 'L5698', 'Full Stack Developer Advisor', 'Exempt', 'TL', '0', '1-Jun', '10-May', 'FXF Direct', 'Colorado Springs', '80921', 'CO', 'Kier Cohen', '641311', 'Boyd Hahn', '641199', 'Alex Ricardo', '3252689', 'George Jones', '312892'),
('3077908', 'Yaqub', 'Mac', 'L4298', 'Full Stack Developer II', 'Exempt', 'TJ', '3', '1-Feb', '9-Sep', 'FXF Direct', 'Colorado Springs', '80921', 'CO', 'Kier Cohen', '641311', 'Boyd Hahn', '641199', 'Alex Ricardo', '3252689', 'George Jones', '312892'),
('3319398', 'Cooper', 'Shea', 'L4298', 'Full Stack Developer II', 'Exempt', 'TJ', '21', '10-May', '5-Nov', 'FXF Direct', 'Colorado Springs', '80921', 'CO', 'Kier Cohen', '641311', 'Boyd Hahn', '641199', 'Alex Ricardo', '3252689', 'George Jones', '312892'),
('4409443', 'Ishika', 'Escobar', 'L5598', 'Full Stack Developer III', 'Exempt', 'TK', '23', '1-Jul', '31-Mar', 'FXF Direct', 'Colorado Springs', '80921', 'CO', 'Kier Cohen', '641311', 'Boyd Hahn', '641199', 'Alex Ricardo', '3252689', 'George Jones', '312892'),
('641311', 'Kier', 'Cohen', 'L2590', 'Manager IT', 'Management', 'T2', '2', '1-Sep', '2-Nov', 'FXF Direct', 'Colorado Springs', '80921', 'CO', 'Boyd Hahn', '641199', 'Boyd Hahn', '641199', 'Alex Ricardo', '3252689', 'George Jones', '312892'),
('641293', 'Clodagh', 'Bryant', 'L3082', 'Program Management Advisor', 'Exempt', 'TL', '23', '16-Feb', '28-Feb', 'FXF Direct', 'Harrison', '72601', 'AR', 'Kier Cohen', '641311', 'Boyd Hahn', '641199', 'Alex Ricardo', '3252689', 'George Jones', '312892'),
('3138999', 'Annette', 'Matthams', 'L2782', 'Project Management Analyst', 'Exempt', 'TJ', '19', '1-Jun', '5-Mar', 'FXF Direct', 'Colorado Springs', '80921', 'CO', 'Kier Cohen', '641311', 'Boyd Hahn', '641199', 'Alex Ricardo', '3252689', 'George Jones', '312892'),
('3138594', 'Nicholas', 'Hamer', 'L1485', 'Scrum Master III', 'Exempt', 'TK', '17', '28-Aug', '1-Feb', 'FedEx Freight Systems', 'Lakeland', '33801', 'FL', 'Boyd Hahn', '641199', 'Boyd Hahn', '641199', 'Alex Ricardo', '3252689', 'George Jones', '312892'),
('246043', 'Avleen', 'Meadows', 'L1291', 'Technical Principal', 'Exempt', 'TM', '2', '16-Jul', '9-Feb', 'FXF Direct', 'Harrison', '72601', 'AR', 'Kier Cohen', '641311', 'Boyd Hahn', '641199', 'Alex Ricardo', '3252689', 'George Jones', '312892'),
('815205', 'Lily-Anne', 'Seymour', 'L9581', 'Associate Data Analyst', 'Exempt', 'TI', '13', '4-Jun', '5-Oct', 'Data Warehouse', 'Harrison', '72601', 'AR', 'Joseph Arcadia', '689123', 'Jacob Sims', '181521', 'Anna Macleod', '3252557', 'George Jones', '312892'),
('641172', 'Ayaan', 'Fleming', 'L6390', 'Business Applications Principal', 'Exempt', 'TM', '18', '22-Mar', '30-Nov', 'Architecture', 'Harrison', '72601', 'AR', 'Ammar Dickson', '100533', 'Jacob Sims', '181521', 'Anna Macleod', '3252557', 'George Jones', '312892'),
('641185', 'Kealan', 'Sweet', 'L6390', 'Business Applications Principal', 'Exempt', 'TM', '2', '13-Sep', '16-Jun', 'Architecture', 'Edwardsville', '66111', 'KS', 'Ammar Dickson', '100533', 'Jacob Sims', '181521', 'Anna Macleod', '3252557', 'George Jones', '312892'),
('641906', 'Lillie-Mae', 'Thornton', 'L9881', 'Data Analyst Advisor', 'Exempt', 'TL', '17', '30-Aug', '25-May', 'Data Warehouse', 'Colorado Springs', '80921', 'CO', 'Joseph Arcadia', '689123', 'Jacob Sims', '181521', 'Anna Macleod', '3252557', 'George Jones', '312892'),
('641817', 'Adrian', 'Albert', 'L9881', 'Data Analyst Advisor', 'Exempt', 'TL', '12', '13-Oct', '19-Sep', 'Data Warehouse', 'Colorado Springs', '80921', 'CO', 'Joseph Arcadia', '689123', 'Jacob Sims', '181521', 'Anna Macleod', '3252557', 'George Jones', '312892'),
('641283', 'Jaxx', 'Russell', 'L8985', 'Data Architect', 'Exempt', 'TL', '19', '16-Feb', '24-Aug', 'Architecture', 'Colorado Springs', '80921', 'CO', 'Ammar Dickson', '100533', 'Jacob Sims', '181521', 'Anna Macleod', '3252557', 'George Jones', '312892'),
('641768', 'Riaan', 'Mcgee', 'L8990', 'DBA Principal', 'Exempt', 'TM', '0', '30-Apr', '12-Dec', 'Data Warehouse', 'Lakeland', '33801', 'FL', 'Joseph Arcadia', '689123', 'Jacob Sims', '181521', 'Anna Macleod', '3252557', 'George Jones', '312892'),
('642433', 'Izzie', 'Conroy', 'P1690', 'Director Administrative Assist', 'Support Hourly', 'DC', '13', '20-Mar', '10-Apr', 'Architecture', 'Lakeland', '33801', 'FL', 'Jacob Sims', '181521', 'Jacob Sims', '181521', 'Anna Macleod', '3252557', 'George Jones', '312892'),
('641187', 'Kacey', 'Scott', 'L2998', 'Domain Architect', 'Exempt', 'TM', '2', '7-Feb', '18-Apr', 'Architecture', 'Colorado Springs', '80921', 'CO', 'Ammar Dickson', '100533', 'Jacob Sims', '181521', 'Anna Macleod', '3252557', 'George Jones', '312892'),
('641325', 'Britany', 'Webster', 'L2590', 'Manager IT', 'Management', 'T2', '27', '1-Sep', '15-Jun', 'DevSecOps', 'Colorado Springs', '80921', 'CO', 'Jacob Sims', '181521', 'Jacob Sims', '181521', 'Anna Macleod', '3252557', 'George Jones', '312892'),
('641623', 'Eryk', 'Summers', 'L2590', 'Manager IT', 'Management', 'T2', '20', '5-Jun', '26-Oct', 'Reliability and Environments', 'Colorado Springs', '80921', 'CO', 'Jacob Sims', '181521', 'Jacob Sims', '181521', 'Anna Macleod', '3252557', 'George Jones', '312892'),
('100533', 'Ammar', 'Dickson', 'L2590', 'Manager IT', 'Management', 'T2', '15', '1-Apr', '5-Nov', 'Architecture', 'Lakeland', '33801', 'FL', 'Jacob Sims', '181521', 'Jacob Sims', '181521', 'Anna Macleod', '3252557', 'George Jones', '312892'),
('641729', 'Mai', 'Hawkins', 'L2590', 'Manager IT', 'Management', 'T2', '14', '23-Aug', '3-Nov', 'Technical Services', 'Lakeland', '33801', 'FL', 'Jacob Sims', '181521', 'Jacob Sims', '181521', 'Anna Macleod', '3252557', 'George Jones', '312892'),
('689123', 'Joseph', 'Arcadia', 'L2590', 'Manager IT', 'Management', 'T2', '27', '1-Jul', '15-Dec', 'Data Warehouse', 'Memphis', '38120', 'TN', 'Joseph Arcadia', '689123', 'Jacob Sims', '181521', 'Anna Macleod', '3252557', 'George Jones', '312892'),
('641755', 'Brennan', 'Valdez', 'L8790', 'Quality Architect Principal', 'Exempt', 'TM', '14', '3-Apr', '6-Dec', 'Reliability and Environments', 'Lakeland', '33801', 'FL', 'Eryk Summers', '641623', 'Jacob Sims', '181521', 'Anna Macleod', '3252557', 'George Jones', '312892'),
('641774', 'Zena', 'Robin', 'L8790', 'Quality Architect Principal', 'Exempt', 'TM', '14', '18-Apr', '13-Nov', 'Reliability and Environments', 'Lakeland', '33801', 'FL', 'Eryk Summers', '641623', 'Jacob Sims', '181521', 'Anna Macleod', '3252557', 'George Jones', '312892'),
('641318', 'Kira', 'Santos', 'L1385', 'Scrum Master II', 'Exempt', 'TJ', '16', '29-Dec', '7-Feb', 'Technical Services', 'Colorado Springs', '80921', 'CO', 'Mai Hawkins', '641729', 'Jacob Sims', '181521', 'Anna Macleod', '3252557', 'George Jones', '312892'),
('641298', 'Roshan', 'Molina', 'L0285', 'Software Developer III', 'Exempt', 'TK', '7', '30-Oct', '8-Jun', 'DevSecOps', 'Collierville', '38017', 'TN', 'Britany Webster', '641325', 'Jacob Sims', '181521', 'Anna Macleod', '3252557', 'George Jones', '312892'),
('641328', 'Brenden', 'Bowman', 'L7493', 'Software Engineer Advisor', 'Exempt', 'TL', '8', '14-Jul', '9-Nov', 'Architecture', 'Colorado Springs', '80921', 'CO', 'Ammar Dickson', '100533', 'Jacob Sims', '181521', 'Anna Macleod', '3252557', 'George Jones', '312892'),
('736279', 'Ayaz', 'Stott', 'L7493', 'Software Engineer Advisor', 'Exempt', 'TL', '15', '2-Oct', '19-Jun', 'Architecture', 'Colorado Springs', '80921', 'CO', 'Ammar Dickson', '100533', 'Jacob Sims', '181521', 'Anna Macleod', '3252557', 'George Jones', '312892'),
('4525208', 'Kobe', 'Reese', 'L7493', 'Software Engineer Advisor', 'Exempt', 'TL', '14', '25-Jan', '22-Mar', 'DevSecOps', 'Colorado Springs', '80921', 'CO', 'Britany Webster', '641325', 'Jacob Sims', '181521', 'Anna Macleod', '3252557', 'George Jones', '312892'),
('4519132', 'Macy', 'Brandt', 'L7493', 'Software Engineer Advisor', 'Exempt', 'TL', '15', '19-Jun', '22-Sep', 'DevSecOps', 'Colorado Springs', '80921', 'CO', 'Britany Webster', '641325', 'Jacob Sims', '181521', 'Anna Macleod', '3252557', 'George Jones', '312892'),
('366979', 'Michaela', 'Justice', 'L7493', 'Software Engineer Advisor', 'Exempt', 'TL', '13', '15-Aug', '21-Apr', 'DevSecOps', 'Coraopolis', '15108', 'PA', 'Britany Webster', '641325', 'Jacob Sims', '181521', 'Anna Macleod', '3252557', 'George Jones', '312892'),
('691122', 'Zayden', 'Rodriguez', 'L7493', 'Software Engineer Advisor', 'Exempt', 'TL', '19', '12-Jun', '26-Jan', 'Reliability and Environments', 'Colorado Springs', '80921', 'CO', 'Eryk Summers', '641623', 'Jacob Sims', '181521', 'Anna Macleod', '3252557', 'George Jones', '312892'),
('641917', 'Lauren', 'Gamble', 'L7493', 'Software Engineer Advisor', 'Exempt', 'TL', '15', '22-Sep', '26-May', 'Data Warehouse', 'Colorado Springs', '80921', 'CO', 'Joseph Arcadia', '689123', 'Jacob Sims', '181521', 'Anna Macleod', '3252557', 'George Jones', '312892'),
('641614', 'Karishma', 'Nicholls', 'L7493', 'Software Engineer Advisor', 'Exempt', 'TL', '13', '29-Mar', '2-May', 'Technical Services', 'Colorado Springs', '80921', 'CO', 'Mai Hawkins', '641729', 'Jacob Sims', '181521', 'Anna Macleod', '3252557', 'George Jones', '312892'),
('641820', 'Kyle', 'Barker', 'L7493', 'Software Engineer Advisor', 'Exempt', 'TL', '12', '24-May', '20-Aug', 'Technical Services', 'Colorado Springs', '80921', 'CO', 'Mai Hawkins', '641729', 'Jacob Sims', '181521', 'Anna Macleod', '3252557', 'George Jones', '312892'),
('641815', 'Hallie', 'Andrew', 'L7493', 'Software Engineer Advisor', 'Exempt', 'TL', '14', '1-Aug', '7-Jul', 'Technical Services', 'Colorado Springs', '80921', 'CO', 'Mai Hawkins', '641729', 'Jacob Sims', '181521', 'Anna Macleod', '3252557', 'George Jones', '312892'),
('641922', 'Efan', 'Wilkinson', 'L7493', 'Software Engineer Advisor', 'Exempt', 'TL', '14', '28-Oct', '2-Feb', 'Technical Services', 'Lakeland', '33801', 'FL', 'Mai Hawkins', '641729', 'Jacob Sims', '181521', 'Anna Macleod', '3252557', 'George Jones', '312892'),
('3227924', 'Reilly', 'Lane', 'L7093', 'Software Engineer I', 'Exempt', 'TI', '13', '16-Aug', '26-Mar', 'Data Warehouse', 'Colorado Springs', '80921', 'CO', 'Joseph Arcadia', '689123', 'Jacob Sims', '181521', 'Anna Macleod', '3252557', 'George Jones', '312892'),
('3065634', 'Zeenat', 'Chamberlain', 'L7293', 'Software Engineer II', 'Exempt', 'TJ', '14', '15-Dec', '5-Dec', 'Reliability and Environments', 'Harrison', '72601', 'AR', 'Eryk Summers', '641623', 'Jacob Sims', '181521', 'Anna Macleod', '3252557', 'George Jones', '312892'),
('2395844', 'Davey', 'Hudson', 'L7293', 'Software Engineer II', 'Exempt', 'TJ', '20', '30-Jan', '26-Dec', 'Technical Services', 'Harrison', '72601', 'AR', 'Mai Hawkins', '641729', 'Jacob Sims', '181521', 'Anna Macleod', '3252557', 'George Jones', '312892'),
('641245', 'Haydn', 'Higgins', 'L7293', 'Software Engineer II', 'Exempt', 'TJ', '16', '16-Jun', '20-May', 'Technical Services', 'Harrison', '72601', 'AR', 'Mai Hawkins', '641729', 'Jacob Sims', '181521', 'Anna Macleod', '3252557', 'George Jones', '312892'),
('641226', 'Dawood', 'Ali', 'L7393', 'Software Engineer III', 'Exempt', 'TK', '30', '1-Dec', '28-Jan', 'Architecture', 'Harrison', '72601', 'AR', 'Ammar Dickson', '100533', 'Jacob Sims', '181521', 'Anna Macleod', '3252557', 'George Jones', '312892'),
('641319', 'Humza', 'Miles', 'L7393', 'Software Engineer III', 'Exempt', 'TK', '14', '1-Sep', '22-Aug', 'DevSecOps', 'Harrison', '72601', 'AR', 'Britany Webster', '641325', 'Jacob Sims', '181521', 'Anna Macleod', '3252557', 'George Jones', '312892'),
('641646', 'Inez', 'Delarosa', 'L7393', 'Software Engineer III', 'Exempt', 'TK', '20', '20-Mar', '14-May', 'DevSecOps', 'Colorado Springs', '80921', 'CO', 'Britany Webster', '641325', 'Jacob Sims', '181521', 'Anna Macleod', '3252557', 'George Jones', '312892'),
('754531', 'Kyra', 'Bryan', 'L7393', 'Software Engineer III', 'Exempt', 'TK', '17', '9-Jan', '6-Mar', 'DevSecOps', 'Lakeland', '33801', 'FL', 'Britany Webster', '641325', 'Jacob Sims', '181521', 'Anna Macleod', '3252557', 'George Jones', '312892'),
('707942', 'Alyssa', 'Glenn', 'L7393', 'Software Engineer III', 'Exempt', 'TK', '4', '16-Feb', '24-Aug', 'Data Warehouse', 'Colorado Springs', '80921', 'CO', 'Joseph Arcadia', '689123', 'Jacob Sims', '181521', 'Anna Macleod', '3252557', 'George Jones', '312892'),
('612622', 'Charles', 'Rockingham', 'L7393', 'Software Engineer III', 'Exempt', 'TK', '7', '21-Apr', '12-Jun', 'Data Warehouse', 'Colorado Springs', '80921', 'CO', 'Joseph Arcadia', '689123', 'Jacob Sims', '181521', 'Anna Macleod', '3252557', 'George Jones', '312892'),
('641286', 'Miley', 'Wade', 'L7393', 'Software Engineer III', 'Exempt', 'TK', '6', '17-Jul', '20-Jun', 'Data Warehouse', 'Colorado Springs', '80921', 'CO', 'Joseph Arcadia', '689123', 'Jacob Sims', '181521', 'Anna Macleod', '3252557', 'George Jones', '312892'),
('623597', 'Moji', 'Vizputin', 'L7393', 'Software Engineer III', 'Exempt', 'TK', '5', '25-Aug', '8-May', 'Data Warehouse', 'Colorado Springs', '80921', 'CO', 'Joseph Arcadia', '689123', 'Jacob Sims', '181521', 'Anna Macleod', '3252557', 'George Jones', '312892'),
('641321', 'Kwabena', 'Gunn', 'L7393', 'Software Engineer III', 'Exempt', 'TK', '14', '27-Mar', '27-Jul', 'Technical Services', 'Colorado Springs', '80921', 'CO', 'Mai Hawkins', '641729', 'Jacob Sims', '181521', 'Anna Macleod', '3252557', 'George Jones', '312892'),
('4495695', 'Debbie', 'Kendall', 'L7393', 'Software Engineer III', 'Exempt', 'TK', '1', '5-Jun', '28-Aug', 'Technical Services', 'Lakeland', '33801', 'FL', 'Mai Hawkins', '641729', 'Jacob Sims', '181521', 'Anna Macleod', '3252557', 'George Jones', '312892'),
('641738', 'Shania', 'Kirby', 'L7393', 'Software Engineer III', 'Exempt', 'TK', '6', '16-Dec', '16-Jul', 'Technical Services', 'Lakeland', '33801', 'FL', 'Mai Hawkins', '641729', 'Jacob Sims', '181521', 'Anna Macleod', '3252557', 'George Jones', '312892'),
('641617', 'Maddison', 'Andrews', 'L0485', 'Software Engineering Principal', 'Exempt', 'TM', '1', '18-Sep', '7-Dec', 'Reliability and Environments', 'Colorado Springs', '80921', 'CO', 'Eryk Summers', '641623', 'Jacob Sims', '181521', 'Anna Macleod', '3252557', 'George Jones', '312892'),
('641299', 'Donell', 'Mejia', 'L0485', 'Software Engineering Principal', 'Exempt', 'TM', '21', '30-Mar', '4-Aug', 'Architecture', 'Colorado Springs', '80921', 'CO', 'Jacob Sims', '181521', 'Jacob Sims', '181521', 'Anna Macleod', '3252557', 'George Jones', '312892'),
('641201', 'Beverly', 'Murillo', 'L1990', 'Solutions Architect', 'Exempt', 'TL', '2', '22-Mar', '29-Jan', 'Architecture', 'Colorado Springs', '80921', 'CO', 'Ammar Dickson', '100533', 'Jacob Sims', '181521', 'Anna Macleod', '3252557', 'George Jones', '312892'),
('641271', 'Umaima', 'Hayward', 'L1990', 'Solutions Architect', 'Exempt', 'TL', '20', '16-Jun', '13-Apr', 'Architecture', 'Colorado Springs', '80921', 'CO', 'Ammar Dickson', '100533', 'Jacob Sims', '181521', 'Anna Macleod', '3252557', 'George Jones', '312892'),
('641853', 'Dario', 'Cassidy', 'L1990', 'Solutions Architect', 'Exempt', 'TL', '16', '17-Jun', '24-Nov', 'Architecture', 'Lakeland', '33801', 'FL', 'Ammar Dickson', '100533', 'Jacob Sims', '181521', 'Anna Macleod', '3252557', 'George Jones', '312892'),
('643052', 'Danni', 'Maynard', 'L9781', 'Sr. Data Analyst', 'Exempt', 'TK', '8', '23-Jan', '19-May', 'Data Warehouse', 'Lakeland', '33801', 'FL', 'Joseph Arcadia', '689123', 'Jacob Sims', '181521', 'Anna Macleod', '3252557', 'George Jones', '312892'),
('757442', 'Georgiana', 'Allman', 'L3490', 'Sr. Engineering Specialist', 'Exempt', 'TK', '15', '3-Mar', '23-Apr', 'Data Warehouse', 'Lakeland', '33801', 'FL', 'Joseph Arcadia', '689123', 'Jacob Sims', '181521', 'Anna Macleod', '3252557', 'George Jones', '312892'),
('641317', 'Elowen', 'Allison', 'L4090', 'Sr. Project/Process Analyst', 'Exempt', 'TK', '21', '14-Feb', '9-Jul', 'Data Warehouse', 'Colorado Springs', '80921', 'CO', 'Joseph Arcadia', '689123', 'Jacob Sims', '181521', 'Anna Macleod', '3252557', 'George Jones', '312892'),
('641789', 'Jerome', 'Davie', 'L4090', 'Sr. Project/Process Analyst', 'Exempt', 'TK', '20', '30-Oct', '3-Sep', 'Data Warehouse', 'Colorado Springs', '80921', 'CO', 'Joseph Arcadia', '689123', 'Jacob Sims', '181521', 'Anna Macleod', '3252557', 'George Jones', '312892'),
('641309', 'Kailum', 'Finney', 'L4090', 'Sr. Project/Process Analyst', 'Exempt', 'TK', '21', '10-Jul', '3-Aug', 'Technical Services', 'Colorado Springs', '80921', 'CO', 'Mai Hawkins', '641729', 'Jacob Sims', '181521', 'Anna Macleod', '3252557', 'George Jones', '312892'),
('641653', 'Derek', 'Macleod', 'L4090', 'Sr. Project/Process Analyst', 'Exempt', 'TK', '14', '1-Feb', '23-Jul', 'Technical Services', 'Uniontown', '44685', 'OH', 'Mai Hawkins', '641729', 'Jacob Sims', '181521', 'Anna Macleod', '3252557', 'George Jones', '312892'),
('641291', 'Alfie-Jay', 'Clay', 'L4390', 'Sr. Solutions Architect', 'Exempt', 'TM', '37', '16-Jan', '22-Jun', 'Architecture', 'Colorado Springs', '80921', 'CO', 'Ammar Dickson', '100533', 'Jacob Sims', '181521', 'Anna Macleod', '3252557', 'George Jones', '312892'),
('641722', 'Darcey', 'Christian', 'L4390', 'Sr. Solutions Architect', 'Exempt', 'TM', '10', '24-Feb', '1-Mar', 'Architecture', 'Lakeland', '33801', 'FL', 'Ammar Dickson', '100533', 'Jacob Sims', '181521', 'Anna Macleod', '3252557', 'George Jones', '312892'),
('3187564', 'Tahmid', 'Wilder', 'L4390', 'Sr. Solutions Architect', 'Exempt', 'TM', '17', '27-Apr', '7-Nov', 'Architecture', 'Lakeland', '33801', 'FL', 'Ammar Dickson', '100533', 'Jacob Sims', '181521', 'Anna Macleod', '3252557', 'George Jones', '312892'),
('641739', 'Howard', 'Eaton', 'L4390', 'Sr. Solutions Architect', 'Exempt', 'TM', '23', '1-Jul', '11-Jan', 'Architecture', 'Lakeland', '33801', 'FL', 'Ammar Dickson', '100533', 'Jacob Sims', '181521', 'Anna Macleod', '3252557', 'George Jones', '312892'),
('641675', 'Suzanna', 'Lim', 'L4390', 'Sr. Solutions Architect', 'Exempt', 'TM', '19', '1-Sep', '11-Mar', 'Architecture', 'Lakeland', '33801', 'FL', 'Ammar Dickson', '100533', 'Jacob Sims', '181521', 'Anna Macleod', '3252557', 'George Jones', '312892'),
('641700', 'Eleasha', 'Sandoval', 'L4185', 'Sr. Systems Administrator', 'Exempt', 'TK', '30', '25-Jun', '18-Aug', 'Data Warehouse', 'Lakeland', '33801', 'FL', 'Joseph Arcadia', '689123', 'Jacob Sims', '181521', 'Anna Macleod', '3252557', 'George Jones', '312892'),
('641757', 'Tiarna', 'Andrade', 'L4185', 'Sr. Systems Administrator', 'Exempt', 'TK', '16', '21-Aug', '15-Jul', 'Data Warehouse', 'Lakeland', '33801', 'FL', 'Joseph Arcadia', '689123', 'Jacob Sims', '181521', 'Anna Macleod', '3252557', 'George Jones', '312892'),
('641707', 'Dominic', 'Kline', 'L4285', 'Systems Administrator Advisor', 'Exempt', 'TL', '13', '16-Aug', '30-Aug', 'DevSecOps', 'Lakeland', '33801', 'FL', 'Britany Webster', '641325', 'Jacob Sims', '181521', 'Anna Macleod', '3252557', 'George Jones', '312892'),
('4525209', 'Aaisha', 'Velasquez', 'L5590', 'Systems Programmer', 'Exempt', 'TJ', '35', '3-Jun', '2-Jan', 'DevSecOps', 'Lakeland', '33801', 'FL', 'Britany Webster', '641325', 'Jacob Sims', '181521', 'Anna Macleod', '3252557', 'George Jones', '312892'),
('641522', 'Ammaarah', 'Robson', 'L6790', 'Technical Advisor', 'Exempt', 'TL', '14', '18-Apr', '27-Nov', 'Reliability and Environments', 'Harrison', '72601', 'AR', 'Eryk Summers', '641623', 'Jacob Sims', '181521', 'Anna Macleod', '3252557', 'George Jones', '312892'),
('641734', 'Carter', 'Haines', 'L6790', 'Technical Advisor', 'Exempt', 'TL', '8', '7-Apr', '8-Jul', 'Data Warehouse', 'Lakeland', '33801', 'FL', 'Joseph Arcadia', '689123', 'Jacob Sims', '181521', 'Anna Macleod', '3252557', 'George Jones', '312892'),
('641713', 'Adina', 'Draper', 'L6790', 'Technical Advisor', 'Exempt', 'TL', '12', '16-Jun', '3-May', 'Data Warehouse', 'Lakeland', '33801', 'FL', 'Joseph Arcadia', '689123', 'Jacob Sims', '181521', 'Anna Macleod', '3252557', 'George Jones', '312892'),
('641178', 'Rahul', 'Ortiz', 'L1291', 'Technical Principal', 'Exempt', 'TM', '22', '2-Jan', '12-Jun', 'Reliability and Environments', 'Harrison', '72601', 'AR', 'Eryk Summers', '641623', 'Jacob Sims', '181521', 'Anna Macleod', '3252557', 'George Jones', '312892'),
('641641', 'Aran', 'Mcdowell', 'L8690', 'Technical Quality Advisor', 'Exempt', 'TL', '18', '22-May', '28-May', 'Reliability and Environments', 'Harrison', '72601', 'AR', 'Eryk Summers', '641623', 'Jacob Sims', '181521', 'Anna Macleod', '3252557', 'George Jones', '312892'),
('641621', 'Susie', 'Doherty', 'L8690', 'Technical Quality Advisor', 'Exempt', 'TL', '15', '1-Dec', '1-Dec', 'Reliability and Environments', 'Harrison', '72601', 'AR', 'Eryk Summers', '641623', 'Jacob Sims', '181521', 'Anna Macleod', '3252557', 'George Jones', '312892'),
('641636', 'Aiden', 'Parkinson', 'L8690', 'Technical Quality Advisor', 'Exempt', 'TL', '16', '28-Mar', '18-Mar', 'Reliability and Environments', 'Colorado Springs', '80921', 'CO', 'Eryk Summers', '641623', 'Jacob Sims', '181521', 'Anna Macleod', '3252557', 'George Jones', '312892'),
('641322', 'Sanah', 'Mendoza', 'L8690', 'Technical Quality Advisor', 'Exempt', 'TL', '24', '16-Nov', '26-Apr', 'Reliability and Environments', 'Colorado Springs', '80921', 'CO', 'Eryk Summers', '641623', 'Jacob Sims', '181521', 'Anna Macleod', '3252557', 'George Jones', '312892'),
('641042', 'Ayda', 'Fountain', 'L1190', 'Business Applications Advisor', 'Exempt', 'TL', '14', '16-Jun', '17-Oct', 'Decision Support', 'Lakeland', '33801', 'FL', 'Hafsah Townsend', '281327', 'Maison Whittaker', '298971', 'Anna Macleod', '3252557', 'George Jones', '312892'),
('641752', 'Suzannah', 'Cullen', 'L1190', 'Business Applications Advisor', 'Exempt', 'TL', '19', '15-Jul', '25-Sep', 'FXF Mobile Solutions', 'Lakeland', '33801', 'FL', 'Libbi Wooten', '298908', 'Maison Whittaker', '298971', 'Anna Macleod', '3252557', 'George Jones', '312892'),
('641607', 'Zoey', 'Sheppard', 'L1190', 'Business Applications Advisor', 'Exempt', 'TL', '7', '16-May', '27-Aug', 'FXF Dock Solutions', 'Colorado Springs', '80921', 'CO', 'Yuvraj Rodriguez', '641627', 'Maison Whittaker', '298971', 'Anna Macleod', '3252557', 'George Jones', '312892'),
('641923', 'Aditi', 'Huynh', 'L1290', 'Business Applications Analyst', 'Exempt', 'TJ', '16', '5-Feb', '20-Feb', 'FXF Mobile Solutions', 'Lakeland', '33801', 'FL', 'Libbi Wooten', '298908', 'Maison Whittaker', '298971', 'Anna Macleod', '3252557', 'George Jones', '312892'),
('641832', 'Mercy', 'Sosa', 'L5698', 'Full Stack Developer Advisor', 'Exempt', 'TL', '22', '30-Mar', '29-Oct', 'FXF Dock Solutions', 'Harrison', '72601', 'AR', 'Alistair Mueller', '641814', 'Maison Whittaker', '298971', 'Anna Macleod', '3252557', 'George Jones', '312892'),
('641235', 'Ella-Mae', 'Avery', 'L5698', 'Full Stack Developer Advisor', 'Exempt', 'TL', '2', '16-Apr', '30-Jan', 'FXF Dock Solutions', 'Harrison', '72601', 'AR', 'Alistair Mueller', '641814', 'Maison Whittaker', '298971', 'Anna Macleod', '3252557', 'George Jones', '312892'),
('691740', 'Conrad', 'Sargent', 'L5698', 'Full Stack Developer Advisor', 'Exempt', 'TL', '2', '5-Jun', '26-Jun', 'Decision Support', 'Colorado Springs', '80921', 'CO', 'Hafsah Townsend', '281327', 'Maison Whittaker', '298971', 'Anna Macleod', '3252557', 'George Jones', '312892'),
('641790', 'Gianni', 'Cherry', 'L5698', 'Full Stack Developer Advisor', 'Exempt', 'TL', '14', '16-Oct', '1-Dec', 'Decision Support', 'Colorado Springs', '80921', 'CO', 'Hafsah Townsend', '281327', 'Maison Whittaker', '298971', 'Anna Macleod', '3252557', 'George Jones', '312892'),
('656748', 'Keegan', 'Maddox', 'L5698', 'Full Stack Developer Advisor', 'Exempt', 'TL', '1', '1-Jul', '8-Oct', 'FXF Mobile Solutions', 'Harrison', '72601', 'AR', 'Libbi Wooten', '298908', 'Maison Whittaker', '298971', 'Anna Macleod', '3252557', 'George Jones', '312892'),
('641754', 'Aron', 'Russo', 'L5698', 'Full Stack Developer Advisor', 'Exempt', 'TL', '21', '1-Jan', '1-Apr', 'FXF Mobile Solutions', 'Lakeland', '33801', 'FL', 'Libbi Wooten', '298908', 'Maison Whittaker', '298971', 'Anna Macleod', '3252557', 'George Jones', '312892'),
('694852', 'Amalia', 'Ratcliffe', 'L5698', 'Full Stack Developer Advisor', 'Exempt', 'TL', '2', '16-Jul', '23-Apr', 'FXF Mobile Solutions', 'Kent', '98032', 'WA', 'Libbi Wooten', '298908', 'Maison Whittaker', '298971', 'Anna Macleod', '3252557', 'George Jones', '312892'),
('4331519', 'Woodrow', 'Pruitt', 'L4298', 'Full Stack Developer II', 'Exempt', 'TJ', '3', '2-Jan', '6-Mar', 'FXF Dock Solutions', 'Harrison', '72601', 'AR', 'Alistair Mueller', '641814', 'Maison Whittaker', '298971', 'Anna Macleod', '3252557', 'George Jones', '312892'),
('3121293', 'Alanah', 'Shields', 'L4298', 'Full Stack Developer II', 'Exempt', 'TJ', '3', '28-Mar', '7-Feb', 'FXF Dock Solutions', 'Harrison', '72601', 'AR', 'Alistair Mueller', '641814', 'Maison Whittaker', '298971', 'Anna Macleod', '3252557', 'George Jones', '312892'),
('4499536', 'Toni', 'Manning', 'L4298', 'Full Stack Developer II', 'Exempt', 'TJ', '12', '16-May', '14-Oct', 'FXF Dock Solutions', 'Harrison', '72601', 'AR', 'Alistair Mueller', '641814', 'Maison Whittaker', '298971', 'Anna Macleod', '3252557', 'George Jones', '312892'),
('3115055', 'Kylo', 'Leonard', 'L4298', 'Full Stack Developer II', 'Exempt', 'TJ', '25', '22-Sep', '1-May', 'FXF Dock Solutions', 'Harrison', '72601', 'AR', 'Alistair Mueller', '641814', 'Maison Whittaker', '298971', 'Anna Macleod', '3252557', 'George Jones', '312892'),
('4485604', 'Ephraim', 'Sharp', 'L4298', 'Full Stack Developer II', 'Exempt', 'TJ', '22', '1-Nov', '30-Oct', 'FXF Dock Solutions', 'Harrison', '72601', 'AR', 'Alistair Mueller', '641814', 'Maison Whittaker', '298971', 'Anna Macleod', '3252557', 'George Jones', '312892'),
('4485603', 'Shaquille', 'Lucero', 'L5598', 'Full Stack Developer III', 'Exempt', 'TK', '13', '1-Aug', '6-Jul', 'FXF Dock Solutions', 'Harrison', '72601', 'AR', 'Alistair Mueller', '641814', 'Maison Whittaker', '298971', 'Anna Macleod', '3252557', 'George Jones', '312892'),
('4331540', 'Khadijah', 'Christian', 'L5598', 'Full Stack Developer III', 'Exempt', 'TK', '19', '28-Aug', '29-Aug', 'FXF Dock Solutions', 'Harrison', '72601', 'AR', 'Alistair Mueller', '641814', 'Maison Whittaker', '298971', 'Anna Macleod', '3252557', 'George Jones', '312892'),
('753405', 'Wilfred', 'Mack', 'L5598', 'Full Stack Developer III', 'Exempt', 'TK', '15', '17-Feb', '22-Sep', 'Decision Support', 'Colorado Springs', '80921', 'CO', 'Hafsah Townsend', '281327', 'Maison Whittaker', '298971', 'Anna Macleod', '3252557', 'George Jones', '312892'),
('641852', 'Sumaiyah', 'Mcdonald', 'L5598', 'Full Stack Developer III', 'Exempt', 'TK', '4', '1-Apr', '7-Jul', 'Decision Support', 'Colorado Springs', '80921', 'CO', 'Hafsah Townsend', '281327', 'Maison Whittaker', '298971', 'Anna Macleod', '3252557', 'George Jones', '312892'),
('724287', 'Lilli', 'Graham', 'L5598', 'Full Stack Developer III', 'Exempt', 'TK', '7', '19-Jun', '23-Nov', 'Decision Support', 'Memphis', '38120', 'TN', 'Hafsah Townsend', '281327', 'Maison Whittaker', '298971', 'Anna Macleod', '3252557', 'George Jones', '312892'),
('754057', 'Sophie-Louise', 'Buxton', 'L5598', 'Full Stack Developer III', 'Exempt', 'TK', '29', '4-Jan', '20-Mar', 'FXF Mobile Solutions', 'Lakeland', '33801', 'FL', 'Libbi Wooten', '298908', 'Maison Whittaker', '298971', 'Anna Macleod', '3252557', 'George Jones', '312892'),
('4410068', 'Theo', 'Pena', 'L5598', 'Full Stack Developer III', 'Exempt', 'TK', '21', '25-Feb', '6-Jan', 'FXF Mobile Solutions', 'Lakeland', '33801', 'FL', 'Libbi Wooten', '298908', 'Maison Whittaker', '298971', 'Anna Macleod', '3252557', 'George Jones', '312892'),
('641772', 'Danielius', 'Ferry', 'L5598', 'Full Stack Developer III', 'Exempt', 'TK', '5', '1-Dec', '6-Jun', 'FXF Mobile Solutions', 'Lakeland', '33801', 'FL', 'Libbi Wooten', '298908', 'Maison Whittaker', '298971', 'Anna Macleod', '3252557', 'George Jones', '312892'),
('641627', 'Yuvraj', 'Rodriguez', 'L2590', 'Manager IT', 'Management', 'T2', '1', '17-Mar', '4-Feb', 'FXF Dock Solutions', 'Harrison', '72601', 'AR', 'Maison Whittaker', '298971', 'Maison Whittaker', '298971', 'Anna Macleod', '3252557', 'George Jones', '312892'),
('641814', 'Alistair', 'Mueller', 'L2590', 'Manager IT', 'Management', 'T2', '8', '1-Apr', '16-May', 'FXF Dock Solutions', 'Harrison', '72601', 'AR', 'Maison Whittaker', '298971', 'Maison Whittaker', '298971', 'Anna Macleod', '3252557', 'George Jones', '312892'),
('641144', 'Gianluca', 'Jacobson', 'L2590', 'Manager IT', 'Management', 'T2', '3', '16-Jun', '15-Aug', 'FXF Ops Systems', 'Harrison', '72601', 'AR', 'Maison Whittaker', '298971', 'Maison Whittaker', '298971', 'Anna Macleod', '3252557', 'George Jones', '312892'),
('281327', 'Hafsah', 'Townsend', 'L2590', 'Manager IT', 'Management', 'T2', '0', '16-Jun', '18-Oct', 'Decision Support', 'Colorado Springs', '80921', 'CO', 'Maison Whittaker', '298971', 'Maison Whittaker', '298971', 'Anna Macleod', '3252557', 'George Jones', '312892'),
('298908', 'Libbi', 'Wooten', 'L2590', 'Manager IT', 'Management', 'T2', '12', '18-Jun', '28-Sep', 'FXF Mobile Solutions', 'Collierville', '38017', 'TN', 'Maison Whittaker', '298971', 'Maison Whittaker', '298971', 'Anna Macleod', '3252557', 'George Jones', '312892'),
('641182', 'Gavin', 'Armstrong', 'L2894', 'Project Management Advisor', 'Exempt', 'TL', '16', '7-Jun', '14-Oct', 'FXF Ops Systems', 'Harrison', '72601', 'AR', 'Gianluca Jacobson', '641144', 'Maison Whittaker', '298971', 'Anna Macleod', '3252557', 'George Jones', '312892'),
('641228', 'Sierra', 'Rivera', 'L2890', 'Project/Process Analyst', 'Exempt', 'TJ', '13', '1-Apr', '30-Jan', 'FXF Dock Solutions', 'St. Clair', '63077', 'MO', 'Alistair Mueller', '641814', 'Maison Whittaker', '298971', 'Anna Macleod', '3252557', 'George Jones', '312892'),
('714763', 'Joni', 'Hurst', 'L1585', 'Scrum Master Advisor', 'Exempt', 'TL', '19', '1-Mar', '1-Jun', 'FXF Dock Solutions', 'Harrison', '72601', 'AR', 'Alistair Mueller', '641814', 'Maison Whittaker', '298971', 'Anna Macleod', '3252557', 'George Jones', '312892'),
('3109187', 'Spike', 'Galindo', 'L1485', 'Scrum Master III', 'Exempt', 'TK', '13', '1-Jun', '23-Dec', 'Decision Support', 'Colorado Springs', '80921', 'CO', 'Hafsah Townsend', '281327', 'Maison Whittaker', '298971', 'Anna Macleod', '3252557', 'George Jones', '312892'),
('4326913', 'Tamara', 'Pierce', 'L1485', 'Scrum Master III', 'Exempt', 'TK', '9', '4-Jan', '7-Oct', 'FXF Mobile Solutions', 'Lakeland', '33801', 'FL', 'Libbi Wooten', '298908', 'Maison Whittaker', '298971', 'Anna Macleod', '3252557', 'George Jones', '312892'),
('4493443', 'Martin', 'Porter', 'L1485', 'Scrum Master III', 'Exempt', 'TK', '8', '16-May', '27-May', 'FXF Dock Solutions', 'Lakeland', '33801', 'FL', 'Yuvraj Rodriguez', '641627', 'Maison Whittaker', '298971', 'Anna Macleod', '3252557', 'George Jones', '312892'),
('641333', 'Sumayya', 'Davenport', 'L0385', 'Software Developer Advisor', 'Exempt', 'TL', '19', '28-Aug', '26-Feb', 'FXF Dock Solutions', 'Harrison', '72601', 'AR', 'Yuvraj Rodriguez', '641627', 'Maison Whittaker', '298971', 'Anna Macleod', '3252557', 'George Jones', '312892'),
('3110575', 'Abraham', 'Rollins', 'L0085', 'Software Developer I', 'Exempt', 'TI', '19', '1-Jun', '3-Jul', 'Decision Support', 'Colorado Springs', '80921', 'CO', 'Hafsah Townsend', '281327', 'Maison Whittaker', '298971', 'Anna Macleod', '3252557', 'George Jones', '312892'),
('3227835', 'Tianna', 'Pritchard', 'L0085', 'Software Developer I', 'Exempt', 'TI', '4', '16-Jan', '11-Nov', 'Decision Support', 'Memphis', '38120', 'TN', 'Hafsah Townsend', '281327', 'Maison Whittaker', '298971', 'Anna Macleod', '3252557', 'George Jones', '312892'),
('2458880', 'Ferne', 'Boyle', 'L0085', 'Software Developer I', 'Exempt', 'TI', '5', '10-Sep', '3-May', 'FXF Dock Solutions', 'Colorado Springs', '80921', 'CO', 'Yuvraj Rodriguez', '641627', 'Maison Whittaker', '298971', 'Anna Macleod', '3252557', 'George Jones', '312892'),
('4484086', 'Colleen', 'Valdez', 'L0185', 'Software Developer II', 'Exempt', 'TJ', '15', '3-Apr', '11-Jun', 'FXF Dock Solutions', 'Colorado Springs', '80921', 'CO', 'Yuvraj Rodriguez', '641627', 'Maison Whittaker', '298971', 'Anna Macleod', '3252557', 'George Jones', '312892'),
('641329', 'Vivien', 'Amos', 'L0285', 'Software Developer III', 'Exempt', 'TK', '8', '1-Jun', '14-Aug', 'FXF Dock Solutions', 'Colorado Springs', '80921', 'CO', 'Alistair Mueller', '641814', 'Maison Whittaker', '298971', 'Anna Macleod', '3252557', 'George Jones', '312892'),
('725412', 'Ranveer', 'Little', 'L0285', 'Software Developer III', 'Exempt', 'TK', '20', '15-Dec', '6-Feb', 'FXF Dock Solutions', 'Colorado Springs', '80921', 'CO', 'Alistair Mueller', '641814', 'Maison Whittaker', '298971', 'Anna Macleod', '3252557', 'George Jones', '312892'),
('641633', 'April', 'Ventura', 'L0285', 'Software Developer III', 'Exempt', 'TK', '2', '14-Jan', '21-Oct', 'Decision Support', 'Colorado Springs', '80921', 'CO', 'Hafsah Townsend', '281327', 'Maison Whittaker', '298971', 'Anna Macleod', '3252557', 'George Jones', '312892'),
('641649', 'Cally', 'Hatfield', 'L0285', 'Software Developer III', 'Exempt', 'TK', '17', '1-Jun', '26-Dec', 'Decision Support', 'Colorado Springs', '80921', 'CO', 'Hafsah Townsend', '281327', 'Maison Whittaker', '298971', 'Anna Macleod', '3252557', 'George Jones', '312892'),
('641165', 'Devon', 'Guzman', 'L0285', 'Software Developer III', 'Exempt', 'TK', '18', '23-Mar', '14-Mar', 'FXF Dock Solutions', 'Harrison', '72601', 'AR', 'Yuvraj Rodriguez', '641627', 'Maison Whittaker', '298971', 'Anna Macleod', '3252557', 'George Jones', '312892'),
('641811', 'Laurie', 'Mora', 'L0285', 'Software Developer III', 'Exempt', 'TK', '14', '20-Oct', '19-Aug', 'FXF Dock Solutions', 'Colorado Springs', '80921', 'CO', 'Yuvraj Rodriguez', '641627', 'Maison Whittaker', '298971', 'Anna Macleod', '3252557', 'George Jones', '312892'),
('641289', 'Abigayle', 'Dawson', 'L0285', 'Software Developer III', 'Exempt', 'TK', '22', '1-Jun', '14-Jul', 'FXF Dock Solutions', 'Lakeland', '33801', 'FL', 'Yuvraj Rodriguez', '641627', 'Maison Whittaker', '298971', 'Anna Macleod', '3252557', 'George Jones', '312892'),
('707822', 'Malika', 'Preece', 'L0285', 'Software Developer III', 'Exempt', 'TK', '21', '7-Aug', '20-Oct', 'FXF Dock Solutions', 'Lakeland', '33801', 'FL', 'Yuvraj Rodriguez', '641627', 'Maison Whittaker', '298971', 'Anna Macleod', '3252557', 'George Jones', '312892'),
('710371', 'Tyra', 'Hubbard', 'L0285', 'Software Developer III', 'Exempt', 'TK', '7', '6-Nov', '30-Jan', 'FXF Dock Solutions', 'Lakeland', '33801', 'FL', 'Yuvraj Rodriguez', '641627', 'Maison Whittaker', '298971', 'Anna Macleod', '3252557', 'George Jones', '312892'),
('774965', 'Lucia', 'May', 'L0285', 'Software Developer III', 'Exempt', 'TK', '10', '1-Dec', '13-Jan', 'FXF Dock Solutions', 'San Antonio', '78238', 'TX', 'Yuvraj Rodriguez', '641627', 'Maison Whittaker', '298971', 'Anna Macleod', '3252557', 'George Jones', '312892'),
('601217', 'Jermaine', 'Robinson', 'L4185', 'Sr. Systems Administrator', 'Exempt', 'TK', '13', '1-May', '21-Mar', 'FXF Ops Systems', 'Colorado Springs', '80921', 'CO', 'Gianluca Jacobson', '641144', 'Maison Whittaker', '298971', 'Anna Macleod', '3252557', 'George Jones', '312892'),
('641763', 'Elisa', 'Easton', 'L8590', 'Sr. Technical Quality Specialist', 'Exempt', 'TK', '3', '1-Aug', '2-Jul', 'FXF Dock Solutions', 'Harrison', '72601', 'AR', 'Alistair Mueller', '641814', 'Maison Whittaker', '298971', 'Anna Macleod', '3252557', 'George Jones', '312892'),
('617939', 'Jenny', 'Kenny', 'L8590', 'Sr. Technical Quality Specialist', 'Exempt', 'TK', '16', '23-Mar', '25-Aug', 'FXF Mobile Solutions', 'Lakeland', '33801', 'FL', 'Libbi Wooten', '298908', 'Maison Whittaker', '298971', 'Anna Macleod', '3252557', 'George Jones', '312892'),
('641740', 'Ehsan', 'Devlin', 'L8590', 'Sr. Technical Quality Specialist', 'Exempt', 'TK', '1', '6-Feb', '10-Aug', 'FXF Dock Solutions', 'Lakeland', '33801', 'FL', 'Yuvraj Rodriguez', '641627', 'Maison Whittaker', '298971', 'Anna Macleod', '3252557', 'George Jones', '312892'),
('641149', 'Cruz', 'Cote', 'L4085', 'Systems Administrator', 'Exempt', 'TJ', '16', '30-Oct', '10-Jul', 'FXF Ops Systems', 'Harrison', '72601', 'AR', 'Gianluca Jacobson', '641144', 'Maison Whittaker', '298971', 'Anna Macleod', '3252557', 'George Jones', '312892'),
('641812', 'Christos', 'Friedman', 'L4285', 'Systems Administrator Advisor', 'Exempt', 'TL', '2', '9-Apr', '10-Jun', 'FXF Ops Systems', 'Harrison', '72601', 'AR', 'Gianluca Jacobson', '641144', 'Maison Whittaker', '298971', 'Anna Macleod', '3252557', 'George Jones', '312892'),
('641180', 'Maeve', 'Mckinney', 'L4285', 'Systems Administrator Advisor', 'Exempt', 'TL', '14', '16-May', '13-Nov', 'FXF Ops Systems', 'Harrison', '72601', 'AR', 'Gianluca Jacobson', '641144', 'Maison Whittaker', '298971', 'Anna Macleod', '3252557', 'George Jones', '312892'),
('641142', 'Keiron', 'Hodge', 'L4285', 'Systems Administrator Advisor', 'Exempt', 'TL', '14', '11-Dec', '10-Feb', 'FXF Ops Systems', 'Harrison', '72601', 'AR', 'Gianluca Jacobson', '641144', 'Maison Whittaker', '298971', 'Anna Macleod', '3252557', 'George Jones', '312892'),
('641732', 'Hamid', 'Mackenzie', 'L4285', 'Systems Administrator Advisor', 'Exempt', 'TL', '19', '24-Apr', '20-Feb', 'FXF Ops Systems', 'Lafayette', '47905', 'IN', 'Gianluca Jacobson', '641144', 'Maison Whittaker', '298971', 'Anna Macleod', '3252557', 'George Jones', '312892'),
('641779', 'Jonathon', 'Crawford', 'L1291', 'Technical Principal', 'Exempt', 'TM', '19', '18-Dec', '13-Sep', 'Tech Innovation', 'Lakeland', '33801', 'FL', 'Maison Whittaker', '298971', 'Maison Whittaker', '298971', 'Anna Macleod', '3252557', 'George Jones', '312892'),
('641327', 'Kerri', 'Medina', 'L8690', 'Technical Quality Advisor', 'Exempt', 'TL', '10', '1-Dec', '28-Jun', 'Decision Support', 'Colorado Springs', '80921', 'CO', 'Hafsah Townsend', '281327', 'Maison Whittaker', '298971', 'Anna Macleod', '3252557', 'George Jones', '312892'),
('641783', 'Angus', 'Talbot', 'L8690', 'Technical Quality Advisor', 'Exempt', 'TL', '19', '15-May', '22-Jan', 'FXF Dock Solutions', 'Lakeland', '33801', 'FL', 'Yuvraj Rodriguez', '641627', 'Maison Whittaker', '298971', 'Anna Macleod', '3252557', 'George Jones', '312892'),
('641222', 'Beverly', 'Snow', 'L1290', 'Business Applications Analyst', 'Exempt', 'TJ', '9', '1-Jun', '24-Apr', 'MF Retirement', 'Harrison', '72601', 'AR', 'Blane Cowan', '641135', 'Zayaan Estrada', '248871', 'Anna Macleod', '3252557', 'George Jones', '312892'),
('707373', 'Nojus', 'Richmond', 'L6390', 'Business Applications Principal', 'Exempt', 'TM', '23', '2-Jan', '16-Jul', 'FXF Sys Gov and QA', 'Collierville', '38017', 'TN', 'Zayaan Estrada', '248871', 'Zayaan Estrada', '248871', 'Anna Macleod', '3252557', 'George Jones', '312892'),
('704164', 'Maurice', 'Greer', 'L5698', 'Full Stack Developer Advisor', 'Exempt', 'TL', '23', '16-Jul', '12-Nov', 'MF Retirement', 'Colorado Springs', '80921', 'CO', 'Blane Cowan', '641135', 'Zayaan Estrada', '248871', 'Anna Macleod', '3252557', 'George Jones', '312892'),
('641135', 'Blane', 'Cowan', 'L2590', 'Manager IT', 'Management', 'T2', '16', '24-Feb', '2-Oct', 'MF Retirement', 'Harrison', '72601', 'AR', 'Zayaan Estrada', '248871', 'Zayaan Estrada', '248871', 'Anna Macleod', '3252557', 'George Jones', '312892'),
('641805', 'Zephaniah', 'Feeney', 'L2590', 'Manager IT', 'Management', 'T2', '15', '8-Oct', '2-Jul', 'Vendor Management', 'Harrison', '72601', 'AR', 'Zayaan Estrada', '248871', 'Zayaan Estrada', '248871', 'Anna Macleod', '3252557', 'George Jones', '312892'),
('641615', 'Brenda', 'Conrad', 'L2590', 'Manager IT', 'Management', 'T2', '16', '4-Jun', '16-Apr', 'Pricing and Rating Legacy', 'Colorado Springs', '80921', 'CO', 'Zayaan Estrada', '248871', 'Zayaan Estrada', '248871', 'Anna Macleod', '3252557', 'George Jones', '312892'),
('641723', 'Nadine', 'Chamberlain', 'L2590', 'Manager IT', 'Management', 'T2', '19', '16-May', '29-May', 'FXF Project Management Office', 'Lakeland', '33801', 'FL', 'Zayaan Estrada', '248871', 'Zayaan Estrada', '248871', 'Anna Macleod', '3252557', 'George Jones', '312892'),
('641716', 'Naya', 'Montes', 'L2590', 'Manager IT', 'Management', 'T2', '22', '13-Mar', '2-Feb', 'Pricing and Rating Modernization', 'Lakeland', '33801', 'FL', 'Zayaan Estrada', '248871', 'Zayaan Estrada', '248871', 'Anna Macleod', '3252557', 'George Jones', '312892'),
('707137', 'Savanna', 'Khan', 'L7190', 'Project Management Principal', 'Exempt', 'TM', '8', '24-Nov', '1-Aug', 'FXF Project Management Office', 'Phoenix', '85043', 'AZ', 'Nadine Chamberlain', '641723', 'Zayaan Estrada', '248871', 'Anna Macleod', '3252557', 'George Jones', '312892'),
('721051', 'Lynn', 'Witt', 'L7190', 'Project Management Principal', 'Exempt', 'TM', '8', '1-Nov', '30-Dec', 'FXF Project Management Office', 'Colorado Springs', '80921', 'CO', 'Nadine Chamberlain', '641723', 'Zayaan Estrada', '248871', 'Anna Macleod', '3252557', 'George Jones', '312892'),
('724702', 'Federico', 'Lord', 'L7090', 'Project/Process Advisor', 'Exempt', 'TL', '29', '1-Dec', '28-Aug', 'MF Retirement', 'Colorado Springs', '80921', 'CO', 'Blane Cowan', '641135', 'Zayaan Estrada', '248871', 'Anna Macleod', '3252557', 'George Jones', '312892'),
('641338', 'Lili', 'Ewing', 'L7090', 'Project/Process Advisor', 'Exempt', 'TL', '1', '9-Aug', '5-Aug', 'FXF Project Management Office', 'Harrison', '72601', 'AR', 'Nadine Chamberlain', '641723', 'Zayaan Estrada', '248871', 'Anna Macleod', '3252557', 'George Jones', '312892'),
('641194', 'Ayomide', 'Battle', 'L7090', 'Project/Process Advisor', 'Exempt', 'TL', '12', '1-Oct', '24-Feb', 'FXF Project Management Office', 'Santa Clara', '95054', 'CA', 'Nadine Chamberlain', '641723', 'Zayaan Estrada', '248871', 'Anna Macleod', '3252557', 'George Jones', '312892'),
('641748', 'Lacie', 'Marks', 'L7090', 'Project/Process Advisor', 'Exempt', 'TL', '8', '1-Jun', '30-Dec', 'FXF Project Management Office', 'Lakeland', '33801', 'FL', 'Nadine Chamberlain', '641723', 'Zayaan Estrada', '248871', 'Anna Macleod', '3252557', 'George Jones', '312892'),
('641670', 'Merlin', 'Salinas', 'L7090', 'Project/Process Advisor', 'Exempt', 'TL', '13', '25-Jun', '27-Jan', 'FXF Project Management Office', 'Irving', '75063', 'TX', 'Nadine Chamberlain', '641723', 'Zayaan Estrada', '248871', 'Anna Macleod', '3252557', 'George Jones', '312892'),
('641743', 'Abubakar', 'Patrick', 'L7090', 'Project/Process Advisor', 'Exempt', 'TL', '8', '3-Sep', '21-Sep', 'Pricing and Rating Modernization', 'Lakeland', '33801', 'FL', 'Naya Montes', '641716', 'Zayaan Estrada', '248871', 'Anna Macleod', '3252557', 'George Jones', '312892'),
('641188', 'Nala', 'Thompson', 'L1585', 'Scrum Master Advisor', 'Exempt', 'TL', '12', '2-Jul', '5-Aug', 'FXF Project Management Office', 'Colorado Springs', '80921', 'CO', 'Nadine Chamberlain', '641723', 'Zayaan Estrada', '248871', 'Anna Macleod', '3252557', 'George Jones', '312892'),
('641274', 'Francisco', 'Mair', 'L0385', 'Software Developer Advisor', 'Exempt', 'TL', '24', '18-May', '22-Nov', 'MF Retirement', 'Irving', '75063', 'TX', 'Blane Cowan', '641135', 'Zayaan Estrada', '248871', 'Anna Macleod', '3252557', 'George Jones', '312892'),
('641809', 'Anas', 'Bain', 'L0385', 'Software Developer Advisor', 'Exempt', 'TL', '22', '1-Jun', '8-Jan', 'Pricing and Rating Legacy', 'Colorado Springs', '80921', 'CO', 'Brenda Conrad', '641615', 'Zayaan Estrada', '248871', 'Anna Macleod', '3252557', 'George Jones', '312892'),
('641762', 'Emilija', 'Blevins', 'L0385', 'Software Developer Advisor', 'Exempt', 'TL', '23', '21-Feb', '29-Aug', 'Vendor Management', 'Lakeland', '33801', 'FL', 'Zephaniah Feeney', '641805', 'Zayaan Estrada', '248871', 'Anna Macleod', '3252557', 'George Jones', '312892'),
('3123069', 'Mairead', 'Cornish', 'L0085', 'Software Developer I', 'Exempt', 'TI', '15', '14-Jan', '4-Apr', 'MF Retirement', 'Colorado Springs', '80921', 'CO', 'Blane Cowan', '641135', 'Zayaan Estrada', '248871', 'Anna Macleod', '3252557', 'George Jones', '312892'),
('3159496', 'Amara', 'Southern', 'L0185', 'Software Developer II', 'Exempt', 'TJ', '14', '16-Jan', '11-May', 'Pricing and Rating Modernization', 'Lakeland', '33801', 'FL', 'Naya Montes', '641716', 'Zayaan Estrada', '248871', 'Anna Macleod', '3252557', 'George Jones', '312892'),
('3166857', 'Abdulrahman', 'John', 'L0185', 'Software Developer II', 'Exempt', 'TJ', '23', '1-Oct', '18-Dec', 'Vendor Management', 'Lakeland', '33801', 'FL', 'Zephaniah Feeney', '641805', 'Zayaan Estrada', '248871', 'Anna Macleod', '3252557', 'George Jones', '312892');
INSERT INTO `FedEx_Workforce` (`e_id`, `f_name`, `l_name`, `job_code`, `job_title`, `job_type`, `pay_band`, `tenure`, `anniversary`, `birth_date`, `org_name`, `city`, `zip_code`, `state`, `manager`, `m_id`, `director`, `d_id`, `vp`, `vp_id`, `svp`, `svp_id`) VALUES
('641611', 'Reggie', 'Coulson', 'L0285', 'Software Developer III', 'Exempt', 'TK', '31', '21-May', '15-May', 'MF Retirement', 'Colorado Springs', '80921', 'CO', 'Blane Cowan', '641135', 'Zayaan Estrada', '248871', 'Anna Macleod', '3252557', 'George Jones', '312892'),
('641689', 'Stuart', 'Norton', 'L0285', 'Software Developer III', 'Exempt', 'TK', '10', '29-May', '20-Aug', 'MF Retirement', 'Lakeland', '33801', 'FL', 'Blane Cowan', '641135', 'Zayaan Estrada', '248871', 'Anna Macleod', '3252557', 'George Jones', '312892'),
('641850', 'Isabella-Rose', 'Ibarra', 'L0285', 'Software Developer III', 'Exempt', 'TK', '17', '13-Mar', '29-Apr', 'Pricing and Rating Legacy', 'Harrison', '72601', 'AR', 'Brenda Conrad', '641615', 'Zayaan Estrada', '248871', 'Anna Macleod', '3252557', 'George Jones', '312892'),
('641176', 'Eileen', 'Iles', 'L0285', 'Software Developer III', 'Exempt', 'TK', '30', '22-Sep', '29-Jun', 'Pricing and Rating Legacy', 'Harrison', '72601', 'AR', 'Brenda Conrad', '641615', 'Zayaan Estrada', '248871', 'Anna Macleod', '3252557', 'George Jones', '312892'),
('641613', 'Raul', 'Dean', 'L0285', 'Software Developer III', 'Exempt', 'TK', '25', '16-Sep', '12-Aug', 'Pricing and Rating Legacy', 'Colorado Springs', '80921', 'CO', 'Brenda Conrad', '641615', 'Zayaan Estrada', '248871', 'Anna Macleod', '3252557', 'George Jones', '312892'),
('641733', 'Devan', 'Spencer', 'L0285', 'Software Developer III', 'Exempt', 'TK', '9', '15-Aug', '23-Aug', 'Pricing and Rating Modernization', 'Lakeland', '33801', 'FL', 'Naya Montes', '641716', 'Zayaan Estrada', '248871', 'Anna Macleod', '3252557', 'George Jones', '312892'),
('757669', 'Natalia', 'Ball', 'L0285', 'Software Developer III', 'Exempt', 'TK', '28', '1-Feb', '17-Dec', 'Vendor Management', 'Harrison', '72601', 'AR', 'Zephaniah Feeney', '641805', 'Zayaan Estrada', '248871', 'Anna Macleod', '3252557', 'George Jones', '312892'),
('641824', 'Umair', 'James', 'L0285', 'Software Developer III', 'Exempt', 'TK', '17', '17-Apr', '17-Dec', 'Vendor Management', 'Harrison', '72601', 'AR', 'Zephaniah Feeney', '641805', 'Zayaan Estrada', '248871', 'Anna Macleod', '3252557', 'George Jones', '312892'),
('641884', 'Mohamad', 'Webb', 'L0285', 'Software Developer III', 'Exempt', 'TK', '16', '1-Jun', '21-Nov', 'Vendor Management', 'Harrison', '72601', 'AR', 'Zephaniah Feeney', '641805', 'Zayaan Estrada', '248871', 'Anna Macleod', '3252557', 'George Jones', '312892'),
('756891', 'Nathan', 'Purvis', 'L0285', 'Software Developer III', 'Exempt', 'TK', '10', '1-Jun', '17-Jun', 'Vendor Management', 'Harrison', '72601', 'AR', 'Zephaniah Feeney', '641805', 'Zayaan Estrada', '248871', 'Anna Macleod', '3252557', 'George Jones', '312892'),
('641326', 'Bertram', 'Haynes', 'L0285', 'Software Developer III', 'Exempt', 'TK', '8', '2-Apr', '25-Dec', 'Vendor Management', 'Colorado Springs', '80921', 'CO', 'Zephaniah Feeney', '641805', 'Zayaan Estrada', '248871', 'Anna Macleod', '3252557', 'George Jones', '312892'),
('641620', 'Iwan', 'Howarth', 'L0285', 'Software Developer III', 'Exempt', 'TK', '16', '7-Jul', '19-Jul', 'Vendor Management', 'Colorado Springs', '80921', 'CO', 'Zephaniah Feeney', '641805', 'Zayaan Estrada', '248871', 'Anna Macleod', '3252557', 'George Jones', '312892'),
('641308', 'Bogdan', 'Bates', 'L0285', 'Software Developer III', 'Exempt', 'TK', '19', '9-Aug', '31-May', 'Vendor Management', 'Colorado Springs', '80921', 'CO', 'Zephaniah Feeney', '641805', 'Zayaan Estrada', '248871', 'Anna Macleod', '3252557', 'George Jones', '312892'),
('757362', 'Aj', 'Burgess', 'L0285', 'Software Developer III', 'Exempt', 'TK', '14', '10-Jan', '26-Jul', 'Vendor Management', 'Lakeland', '33801', 'FL', 'Zephaniah Feeney', '641805', 'Zayaan Estrada', '248871', 'Anna Macleod', '3252557', 'George Jones', '312892'),
('641886', 'Rosalind', 'Hilton', 'L0285', 'Software Developer III', 'Exempt', 'TK', '15', '30-Jun', '21-Dec', 'Vendor Management', 'Lakeland', '33801', 'FL', 'Zephaniah Feeney', '641805', 'Zayaan Estrada', '248871', 'Anna Macleod', '3252557', 'George Jones', '312892'),
('508325', 'Eesa', 'Avalos', 'L7493', 'Software Engineer Advisor', 'Exempt', 'TL', '30', '16-Apr', '14-Feb', 'Pricing and Rating Modernization', 'Colorado Springs', '80921', 'CO', 'Naya Montes', '641716', 'Zayaan Estrada', '248871', 'Anna Macleod', '3252557', 'George Jones', '312892'),
('641715', 'Subhan', 'Boyce', 'L3190', 'Sr. Business Application Analyst', 'Exempt', 'TK', '8', '18-May', '4-Mar', 'Vendor Management', 'Lakeland', '33801', 'FL', 'Zephaniah Feeney', '641805', 'Zayaan Estrada', '248871', 'Anna Macleod', '3252557', 'George Jones', '312892'),
('641237', 'Amina', 'George', 'L4090', 'Sr. Project/Process Analyst', 'Exempt', 'TK', '24', '1-Jul', '26-Jan', 'FXF Project Management Office', 'Harrison', '72601', 'AR', 'Nadine Chamberlain', '641723', 'Zayaan Estrada', '248871', 'Anna Macleod', '3252557', 'George Jones', '312892'),
('641781', 'aye', 'Worthington', 'L4090', 'Sr. Project/Process Analyst', 'Exempt', 'TK', '13', '4-Mar', '11-Oct', 'FXF Project Management Office', 'Lakeland', '33801', 'FL', 'Nadine Chamberlain', '641723', 'Zayaan Estrada', '248871', 'Anna Macleod', '3252557', 'George Jones', '312892'),
('3203304', 'Fannie', 'Travers', 'L8590', 'Sr. Technical Quality Specialist', 'Exempt', 'TK', '1', '25-Apr', '17-May', 'Pricing and Rating Legacy', 'Colorado Springs', '80921', 'CO', 'Brenda Conrad', '641615', 'Zayaan Estrada', '248871', 'Anna Macleod', '3252557', 'George Jones', '312892'),
('641284', 'Kellie', 'Villanueva', 'L6790', 'Technical Advisor', 'Exempt', 'TL', '6', '6-Jul', '25-May', 'Vendor Management', 'Colorado Springs', '80921', 'CO', 'Zephaniah Feeney', '641805', 'Zayaan Estrada', '248871', 'Anna Macleod', '3252557', 'George Jones', '312892'),
('641712', 'Monty', 'Mcarthur', 'L6790', 'Technical Advisor', 'Exempt', 'TL', '15', '23-Jul', '5-Feb', 'Vendor Management', 'Lakeland', '33801', 'FL', 'Zephaniah Feeney', '641805', 'Zayaan Estrada', '248871', 'Anna Macleod', '3252557', 'George Jones', '312892'),
('641770', 'Ruqayyah', 'Croft', 'L5790', 'Technical Analyst', 'Exempt', 'TJ', '16', '16-Sep', '21-Dec', 'FXF Project Management Office', 'Lakeland', '33801', 'FL', 'Nadine Chamberlain', '641723', 'Zayaan Estrada', '248871', 'Anna Macleod', '3252557', 'George Jones', '312892'),
('641184', 'Lilia', 'Ramos', 'L1291', 'Technical Principal', 'Exempt', 'TM', '1', '16-Oct', '20-Oct', 'Pricing and Rating Modernization', 'Harrison', '72601', 'AR', 'Naya Montes', '641716', 'Zayaan Estrada', '248871', 'Anna Macleod', '3252557', 'George Jones', '312892'),
('641628', 'Stephen', 'Hunt', 'L8690', 'Technical Quality Advisor', 'Exempt', 'TL', '9', '12-Jan', '16-Oct', 'Pricing and Rating Legacy', 'Colorado Springs', '80921', 'CO', 'Brenda Conrad', '641615', 'Zayaan Estrada', '248871', 'Anna Macleod', '3252557', 'George Jones', '312892'),
('641330', 'Kallum', 'Santana', 'L1190', 'Business Applications Advisor', 'Exempt', 'TL', '8', '1-Jul', '1-Sep', 'Legacy Systems', 'Colorado Springs', '80921', 'CO', 'Jamie Argos', '645235', 'Zaydan Doherty', '641530', 'Anna Macleod', '3252557', 'George Jones', '312892'),
('641227', 'Areeb', 'Holt', 'L1190', 'Business Applications Advisor', 'Exempt', 'TL', '2', '27-Oct', '13-Dec', 'Shipping', 'Harrison', '72601', 'AR', 'Tayyab Britt', '641687', 'Zaydan Doherty', '641530', 'Anna Macleod', '3252557', 'George Jones', '312892'),
('641270', 'Idris', 'Bevan', 'L5698', 'Full Stack Developer Advisor', 'Exempt', 'TL', '1', '1-Jun', '29-Jan', 'Legacy Systems', 'Colorado Springs', '80921', 'CO', 'Jamie Argos', '645235', 'Zaydan Doherty', '641530', 'Anna Macleod', '3252557', 'George Jones', '312892'),
('718846', 'Sufyaan', 'Monroe', 'L5698', 'Full Stack Developer Advisor', 'Exempt', 'TL', '16', '27-Jun', '29-Jun', 'Legacy Systems', 'Colorado Springs', '80921', 'CO', 'Jamie Argos', '645235', 'Zaydan Doherty', '641530', 'Anna Macleod', '3252557', 'George Jones', '312892'),
('641778', 'Sian', 'Mac', 'L5698', 'Full Stack Developer Advisor', 'Exempt', 'TL', '1', '29-Aug', '28-Jun', 'Legacy Systems', 'Lakeland', '33801', 'FL', 'Jamie Argos', '645235', 'Zaydan Doherty', '641530', 'Anna Macleod', '3252557', 'George Jones', '312892'),
('641314', 'Kanye', 'Neville', 'L5698', 'Full Stack Developer Advisor', 'Exempt', 'TL', '8', '4-Sep', '17-Oct', 'Legacy Systems', 'Lakeland', '33801', 'FL', 'Jamie Argos', '645235', 'Zaydan Doherty', '641530', 'Anna Macleod', '3252557', 'George Jones', '312892'),
('641826', 'Yusha', 'Vega', 'L5698', 'Full Stack Developer Advisor', 'Exempt', 'TL', '12', '1-Aug', '18-Mar', 'FXF Imaging', 'Harrison', '72601', 'AR', 'Samad Curtis', '364670', 'Zaydan Doherty', '641530', 'Anna Macleod', '3252557', 'George Jones', '312892'),
('641315', 'Nico', 'Dunkley', 'L5698', 'Full Stack Developer Advisor', 'Exempt', 'TL', '3', '1-Sep', '15-May', 'FXF Imaging', 'Colorado Springs', '80921', 'CO', 'Samad Curtis', '364670', 'Zaydan Doherty', '641530', 'Anna Macleod', '3252557', 'George Jones', '312892'),
('641695', 'Kiefer', 'Craig', 'L5698', 'Full Stack Developer Advisor', 'Exempt', 'TL', '12', '24-Jul', '16-Apr', 'FXF Imaging', 'Lakeland', '33801', 'FL', 'Samad Curtis', '364670', 'Zaydan Doherty', '641530', 'Anna Macleod', '3252557', 'George Jones', '312892'),
('641666', 'Elmer', 'Steadman', 'L5698', 'Full Stack Developer Advisor', 'Exempt', 'TL', '8', '21-Jun', '30-Aug', 'Legacy Systems', 'Lakeland', '33801', 'FL', 'Shauna Rudd', '641767', 'Zaydan Doherty', '641530', 'Anna Macleod', '3252557', 'George Jones', '312892'),
('798683', 'Taya', 'Randolph', 'L5698', 'Full Stack Developer Advisor', 'Exempt', 'TL', '14', '12-Feb', '20-Mar', 'Shipping', 'Lakeland', '33801', 'FL', 'Tayyab Britt', '641687', 'Zaydan Doherty', '641530', 'Anna Macleod', '3252557', 'George Jones', '312892'),
('641677', 'Abdul', 'Brewer', 'L5698', 'Full Stack Developer Advisor', 'Exempt', 'TL', '20', '1-May', '15-May', 'Shipping', 'Lakeland', '33801', 'FL', 'Tayyab Britt', '641687', 'Zaydan Doherty', '641530', 'Anna Macleod', '3252557', 'George Jones', '312892'),
('3165867', 'Abdurahman', 'Sharp', 'L4198', 'Full Stack Developer I', 'Exempt', 'TI', '18', '12-Feb', '11-Apr', 'Legacy Systems', 'Lakeland', '33801', 'FL', 'Shauna Rudd', '641767', 'Zaydan Doherty', '641530', 'Anna Macleod', '3252557', 'George Jones', '312892'),
('839430', 'Azaan', 'Burt', 'L4298', 'Full Stack Developer II', 'Exempt', 'TJ', '15', '1-Oct', '13-Sep', 'Customer', 'Harrison', '72601', 'AR', 'Nancie Kidd', '338590', 'Zaydan Doherty', '641530', 'Anna Macleod', '3252557', 'George Jones', '312892'),
('4455651', 'Rumaisa', 'Puckett', 'L4298', 'Full Stack Developer II', 'Exempt', 'TJ', '21', '7-Mar', '19-Aug', 'FXF Imaging', 'Lakeland', '33801', 'FL', 'Samad Curtis', '364670', 'Zaydan Doherty', '641530', 'Anna Macleod', '3252557', 'George Jones', '312892'),
('3116156', 'Virginia', 'Blanchard', 'L4298', 'Full Stack Developer II', 'Exempt', 'TJ', '17', '28-Mar', '31-Mar', 'Legacy Systems', 'Colorado Springs', '80921', 'CO', 'Shauna Rudd', '641767', 'Zaydan Doherty', '641530', 'Anna Macleod', '3252557', 'George Jones', '312892'),
('3112629', 'Aston', 'Watson', 'L4298', 'Full Stack Developer II', 'Exempt', 'TJ', '14', '8-Dec', '2-Jan', 'Legacy Systems', 'Colorado Springs', '80921', 'CO', 'Shauna Rudd', '641767', 'Zaydan Doherty', '641530', 'Anna Macleod', '3252557', 'George Jones', '312892'),
('3112634', 'Isla-Grace', 'Alexander', 'L4298', 'Full Stack Developer II', 'Exempt', 'TJ', '8', '16-Aug', '19-Oct', 'Legacy Systems', 'Lakeland', '33801', 'FL', 'Shauna Rudd', '641767', 'Zaydan Doherty', '641530', 'Anna Macleod', '3252557', 'George Jones', '312892'),
('3112633', 'Robert', 'Noble', 'L4298', 'Full Stack Developer II', 'Exempt', 'TJ', '22', '16-Dec', '16-Feb', 'Legacy Systems', 'Lakeland', '33801', 'FL', 'Shauna Rudd', '641767', 'Zaydan Doherty', '641530', 'Anna Macleod', '3252557', 'George Jones', '312892'),
('3116160', 'Perry', 'Sutton', 'L4298', 'Full Stack Developer II', 'Exempt', 'TJ', '6', '7-Apr', '25-Jun', 'Shipping', 'Lakeland', '33801', 'FL', 'Tayyab Britt', '641687', 'Zaydan Doherty', '641530', 'Anna Macleod', '3252557', 'George Jones', '312892'),
('3139103', 'Beauden', 'Morris', 'L4298', 'Full Stack Developer II', 'Exempt', 'TJ', '14', '9-Oct', '28-Jul', 'Shipping', 'Lakeland', '33801', 'FL', 'Tayyab Britt', '641687', 'Zaydan Doherty', '641530', 'Anna Macleod', '3252557', 'George Jones', '312892'),
('641785', 'Gus', 'Blankenship', 'L5598', 'Full Stack Developer III', 'Exempt', 'TK', '2', '16-Jun', '16-Apr', 'Legacy Systems', 'Lakeland', '33801', 'FL', 'Jamie Argos', '645235', 'Zaydan Doherty', '641530', 'Anna Macleod', '3252557', 'George Jones', '312892'),
('641747', 'Shane', 'Donald', 'L5598', 'Full Stack Developer III', 'Exempt', 'TK', '1', '10-Sep', '6-Mar', 'Legacy Systems', 'Lakeland', '33801', 'FL', 'Jamie Argos', '645235', 'Zaydan Doherty', '641530', 'Anna Macleod', '3252557', 'George Jones', '312892'),
('372301', 'Muna', 'Flower', 'L5598', 'Full Stack Developer III', 'Exempt', 'TK', '16', '16-Jan', '12-Oct', 'Customer', 'Colorado Springs', '80921', 'CO', 'Nancie Kidd', '338590', 'Zaydan Doherty', '641530', 'Anna Macleod', '3252557', 'George Jones', '312892'),
('641625', 'Jaya', 'Mcnamara', 'L5598', 'Full Stack Developer III', 'Exempt', 'TK', '13', '27-Dec', '20-Jul', 'FXF Imaging', 'Harrison', '72601', 'AR', 'Samad Curtis', '364670', 'Zaydan Doherty', '641530', 'Anna Macleod', '3252557', 'George Jones', '312892'),
('641609', 'Aman', 'Frank', 'L5598', 'Full Stack Developer III', 'Exempt', 'TK', '16', '8-Sep', '3-Mar', 'Shipping', 'Colorado Springs', '80921', 'CO', 'Tayyab Britt', '641687', 'Zaydan Doherty', '641530', 'Anna Macleod', '3252557', 'George Jones', '312892'),
('641919', 'Imani', 'Felix', 'L5598', 'Full Stack Developer III', 'Exempt', 'TK', '3', '5-Jan', '7-Jan', 'Shipping', 'Coraopolis', '15108', 'PA', 'Tayyab Britt', '641687', 'Zaydan Doherty', '641530', 'Anna Macleod', '3252557', 'George Jones', '312892'),
('645462', 'Brooklyn', 'Maguire', 'L5598', 'Full Stack Developer III', 'Exempt', 'TK', '12', '1-Jun', '26-Feb', 'Customer', 'Harrison', '72601', 'AR', 'Tyra Bray', '426315', 'Zaydan Doherty', '641530', 'Anna Macleod', '3252557', 'George Jones', '312892'),
('641638', 'Marlie', 'Yoder', 'L5598', 'Full Stack Developer III', 'Exempt', 'TK', '12', '11-Sep', '31-May', 'Customer', 'Harrison', '72601', 'AR', 'Tyra Bray', '426315', 'Zaydan Doherty', '641530', 'Anna Macleod', '3252557', 'George Jones', '312892'),
('3079108', 'Kenneth', 'Gordon', 'L5598', 'Full Stack Developer III', 'Exempt', 'TK', '12', '16-Nov', '15-Jun', 'Customer', 'Harrison', '72601', 'AR', 'Tyra Bray', '426315', 'Zaydan Doherty', '641530', 'Anna Macleod', '3252557', 'George Jones', '312892'),
('641773', 'Clement', 'Whittington', 'L5598', 'Full Stack Developer III', 'Exempt', 'TK', '3', '1-May', '4-Jun', 'Customer', 'Lakeland', '33801', 'FL', 'Tyra Bray', '426315', 'Zaydan Doherty', '641530', 'Anna Macleod', '3252557', 'George Jones', '312892'),
('338590', 'Nancie', 'Kidd', 'L2590', 'Manager IT', 'Management', 'T2', '22', '12-Jul', '30-Oct', 'Customer', 'Colorado Springs', '80921', 'CO', 'Zaydan Doherty', '641530', 'Zaydan Doherty', '641530', 'Anna Macleod', '3252557', 'George Jones', '312892'),
('641767', 'Shauna', 'Rudd', 'L2590', 'Manager IT', 'Management', 'T2', '17', '5-Jan', '3-Feb', 'Legacy Systems', 'Lakeland', '33801', 'FL', 'Zaydan Doherty', '641530', 'Zaydan Doherty', '641530', 'Anna Macleod', '3252557', 'George Jones', '312892'),
('641687', 'Tayyab', 'Britt', 'L2590', 'Manager IT', 'Management', 'T2', '19', '19-Jul', '13-Jul', 'Shipping', 'Lakeland', '33801', 'FL', 'Zaydan Doherty', '641530', 'Zaydan Doherty', '641530', 'Anna Macleod', '3252557', 'George Jones', '312892'),
('426315', 'Tyra', 'Bray', 'L2590', 'Manager IT', 'Management', 'T2', '14', '1-Jan', '15-Jul', 'Customer', 'Collierville', '38017', 'TN', 'Zaydan Doherty', '641530', 'Zaydan Doherty', '641530', 'Anna Macleod', '3252557', 'George Jones', '312892'),
('645235', 'Jamie', 'Argos', 'L2590', 'Manager IT', 'Management', 'T2', '12', '24-Jan', '3-May', 'Legacy Systems', 'Collierville', '38017', 'TN', 'Zaydan Doherty', '641530', 'Zaydan Doherty', '641530', 'Anna Macleod', '3252557', 'George Jones', '312892'),
('364670', 'Samad', 'Curtis', 'L2590', 'Manager IT', 'Management', 'T2', '14', '1-Dec', '28-Feb', 'FXF Imaging', 'Memphis', '38120', 'TN', 'Zaydan Doherty', '641530', 'Zaydan Doherty', '641530', 'Anna Macleod', '3252557', 'George Jones', '312892'),
('641684', 'Sacha', 'Calvert', 'L7090', 'Project/Process Advisor', 'Exempt', 'TL', '19', '1-Jul', '12-Dec', 'Customer', 'Lakeland', '33801', 'FL', 'Nancie Kidd', '338590', 'Zaydan Doherty', '641530', 'Anna Macleod', '3252557', 'George Jones', '312892'),
('641145', 'May', 'Silva', 'L7090', 'Project/Process Advisor', 'Exempt', 'TL', '15', '9-Jul', '19-Mar', 'FXF Imaging', 'Harrison', '72601', 'AR', 'Samad Curtis', '364670', 'Zaydan Doherty', '641530', 'Anna Macleod', '3252557', 'George Jones', '312892'),
('641273', 'Frederic', 'Flores', 'L9199', 'Release Train Engineer', 'Exempt', 'TL', '15', '16-Nov', '20-Feb', 'Legacy Systems', 'Harrison', '72601', 'AR', 'Jamie Argos', '645235', 'Zaydan Doherty', '641530', 'Anna Macleod', '3252557', 'George Jones', '312892'),
('4486523', 'Rhea', 'Hackett', 'L1385', 'Scrum Master II', 'Exempt', 'TJ', '16', '2-Jun', '20-Feb', 'Shipping', 'Lakeland', '33801', 'FL', 'Tayyab Britt', '641687', 'Zaydan Doherty', '641530', 'Anna Macleod', '3252557', 'George Jones', '312892'),
('641221', 'Marek', 'Mccabe', 'L1485', 'Scrum Master III', 'Exempt', 'TK', '22', '13-Mar', '10-Feb', 'Customer', 'Harrison', '72601', 'AR', 'Tyra Bray', '426315', 'Zaydan Doherty', '641530', 'Anna Macleod', '3252557', 'George Jones', '312892'),
('728371', 'Esther', 'Hibbert', 'L1485', 'Scrum Master III', 'Exempt', 'TK', '1', '5-Jun', '8-Jul', 'Customer', 'Harrison', '72601', 'AR', 'Tyra Bray', '426315', 'Zaydan Doherty', '641530', 'Anna Macleod', '3252557', 'George Jones', '312892'),
('641313', 'Pearl', 'Nunez', 'L0285', 'Software Developer III', 'Exempt', 'TK', '1', '6-Dec', '21-May', 'Customer', 'Colorado Springs', '80921', 'CO', 'Nancie Kidd', '338590', 'Zaydan Doherty', '641530', 'Anna Macleod', '3252557', 'George Jones', '312892'),
('731489', 'Umar', 'Crosby', 'L0285', 'Software Developer III', 'Exempt', 'TK', '16', '16-Jun', '25-Mar', 'Legacy Systems', 'Wichita', '67209', 'KS', 'Shauna Rudd', '641767', 'Zaydan Doherty', '641530', 'Anna Macleod', '3252557', 'George Jones', '312892'),
('641477', 'Nasir', 'Jenkins', 'L0285', 'Software Developer III', 'Exempt', 'TK', '14', '1-Apr', '2-Dec', 'Customer', 'Harrison', '72601', 'AR', 'Tyra Bray', '426315', 'Zaydan Doherty', '641530', 'Anna Macleod', '3252557', 'George Jones', '312892'),
('4493368', 'Benito', 'Monroe', 'L3190', 'Sr. Business Application Analyst', 'Exempt', 'TK', '8', '15-May', '4-Jan', 'FXF Imaging', 'Harrison', '72601', 'AR', 'Samad Curtis', '364670', 'Zaydan Doherty', '641530', 'Anna Macleod', '3252557', 'George Jones', '312892'),
('641658', 'Areeba', 'Lacey', 'L3190', 'Sr. Business Application Analyst', 'Exempt', 'TK', '0', '24-May', '24-Dec', 'FXF Revenue and Data', 'Harrison', '72601', 'AR', 'Zaydan Doherty', '641530', 'Zaydan Doherty', '641530', 'Anna Macleod', '3252557', 'George Jones', '312892'),
('760301', 'Tristan', 'Clemons', 'L4690', 'Sr. Technical Analyst', 'Exempt', 'TK', '9', '28-Aug', '9-Oct', 'FXF Imaging', 'Harrison', '72601', 'AR', 'Samad Curtis', '364670', 'Zaydan Doherty', '641530', 'Anna Macleod', '3252557', 'George Jones', '312892'),
('641316', 'Alyce', 'Jackson', 'L8590', 'Sr. Technical Quality Specialist', 'Exempt', 'TK', '1', '23-Mar', '23-Jul', 'Customer', 'Colorado Springs', '80921', 'CO', 'Nancie Kidd', '338590', 'Zaydan Doherty', '641530', 'Anna Macleod', '3252557', 'George Jones', '312892'),
('735015', 'Danniella', 'Heaton', 'L8590', 'Sr. Technical Quality Specialist', 'Exempt', 'TK', '19', '20-Aug', '29-Jun', 'Customer', 'Harrison', '72601', 'AR', 'Tyra Bray', '426315', 'Zaydan Doherty', '641530', 'Anna Macleod', '3252557', 'George Jones', '312892'),
('641911', 'Alexandra', 'Galloway', 'L6790', 'Technical Advisor', 'Exempt', 'TL', '13', '1-Jul', '15-Nov', 'Shipping', 'Colorado Springs', '80921', 'CO', 'Tayyab Britt', '641687', 'Zaydan Doherty', '641530', 'Anna Macleod', '3252557', 'George Jones', '312892'),
('708140', 'Khadijah', 'Moses', 'L8490', 'Technical Quality Specialist', 'Exempt', 'TJ', '29', '31-Mar', '25-Apr', 'Customer', 'Colorado Springs', '80921', 'CO', 'Nancie Kidd', '338590', 'Zaydan Doherty', '641530', 'Anna Macleod', '3252557', 'George Jones', '312892'),
('641312', 'Anisah', 'Chadwick', 'L8490', 'Technical Quality Specialist', 'Exempt', 'TJ', '18', '26-Jun', '23-Mar', 'Customer', 'Harrison', '72601', 'AR', 'Tyra Bray', '426315', 'Zaydan Doherty', '641530', 'Anna Macleod', '3252557', 'George Jones', '312892'),
('312892', 'George', 'Jones', 'Z9999', 'SVP', 'Management', 'T6', '9', '27-Dec', '10-Feb', 'SVP', 'Memphis', '38120', 'TN', '', '', '', '', '', '', '', '');



-- Indexes for table `Departments`
ALTER TABLE `Departments`
  ADD PRIMARY KEY (`DepartmentID`);


-- Indexes for table `FedEx_Archived`
ALTER TABLE `FedEx_Archived`
  ADD PRIMARY KEY (`e_id`),
  ADD KEY `fk_archived_job` (`job_code`),
  ADD KEY `fk_archived_zip` (`zip_code`),
  ADD KEY `fk_archived_m_id` (`m_id`),
  ADD KEY `fk_archived_d_id` (`d_id`),
  ADD KEY `fk_archived_vp_id` (`vp_id`),
  ADD KEY `fk_archived_svp_id` (`svp_id`);


-- Indexes for table `FedEx_Employees`
ALTER TABLE `FedEx_Employees`
  ADD PRIMARY KEY (`e_id`),
  ADD KEY `fk_employees_job` (`job_code`),
  ADD KEY `fk_employees_zip` (`zip_code`),
  ADD KEY `fk_security_clearance_employee` (`security_clearance`);


-- Indexes for table `FedEx_Jobs`
ALTER TABLE `FedEx_Jobs`
  ADD PRIMARY KEY (`job_code`);


-- Indexes for table `FedEx_Leadership`
ALTER TABLE `FedEx_Leadership`
  ADD PRIMARY KEY (`e_id`);


-- Indexes for table `FedEx_Locations`
ALTER TABLE `FedEx_Locations`
  ADD PRIMARY KEY (`zip_code`);


-- Indexes for table `FedEx_Security_Clearance`

ALTER TABLE `FedEx_Security_Clearance`
  ADD PRIMARY KEY (`role_id`),
  ADD UNIQUE KEY `role_name` (`role_name`);


ALTER TABLE `Departments`
  MODIFY `DepartmentID` int(11) NOT NULL AUTO_INCREMENT, AUTO_INCREMENT=159;


-- Constraints for table `FedEx_Employees`
ALTER TABLE `FedEx_Employees`
  ADD CONSTRAINT `fk_employees_job` FOREIGN KEY (`job_code`) REFERENCES `FedEx_Jobs` (`job_code`),
  ADD CONSTRAINT `fk_employees_security` FOREIGN KEY (`security_clearance`) REFERENCES `FedEx_Security_Clearance` (`role_id`),
  ADD CONSTRAINT `fk_employees_zip` FOREIGN KEY (`zip_code`) REFERENCES `FedEx_Locations` (`zip_code`),
  ADD CONSTRAINT `fk_security_clearance_employee` FOREIGN KEY (`security_clearance`) REFERENCES `FedEx_Security_Clearance` (`role_id`);


-- Constraints for table `FedEx_Leadership`
ALTER TABLE `FedEx_Leadership`
  ADD CONSTRAINT `fk_leadership_employee` FOREIGN KEY (`e_id`) REFERENCES `FedEx_Employees` (`e_id`);
COMMIT;

/*!40101 SET CHARACTER_SET_CLIENT=@OLD_CHARACTER_SET_CLIENT */;
/*!40101 SET CHARACTER_SET_RESULTS=@OLD_CHARACTER_SET_RESULTS */;
/*!40101 SET COLLATION_CONNECTION=@OLD_COLLATION_CONNECTION */;